filename,method,coin_detected,coin_in_corner,area_pixels,area_cm2,perimeter_cm,width_cm,height_cm,pixels_per_cm,ratio,percentage
burn_0118_rotation_90.jpg,binary_hsv,True,True,37494,14.7,50.07,7.29,2.85,50.5,4.68,467.92
burn_0118_brightness_increase.jpg,binary_hsv,True,True,39498,15.19,52.95,2.82,7.22,51.0,4.84,483.51
burn_0118_brightness_decrease.jpg,binary_hsv,True,True,37571,14.73,48.99,2.85,7.29,50.5,4.69,468.87
burn_0161_horizontal_flip.jpg,binary_hsv,True,True,226432,88.79,90.95,10.14,10.14,50.5,28.26,2826.27
burn_0161_vertical_flip.jpg,binary_hsv,True,True,226431,88.79,91.59,10.14,10.14,50.5,28.26,2826.27
burn_0161_rotation_90.jpg,binary_hsv,True,True,226432,88.79,91.8,10.14,10.14,50.5,28.26,2826.27
burn_0161_brightness_increase.jpg,binary_hsv,True,True,228564,87.88,86.41,10.04,10.04,51.0,27.97,2797.31
burn_0161_brightness_decrease.jpg,binary_hsv,True,True,224935,88.2,92.32,10.14,10.14,50.5,28.07,2807.49
burn_0119_horizontal_flip.jpg,binary_hsv,True,True,90333,35.42,85.37,6.34,10.14,50.5,11.27,1127.45
burn_0119_vertical_flip.jpg,binary_hsv,True,True,90266,35.39,87.57,6.34,10.14,50.5,11.26,1126.5
burn_0119_rotation_90.jpg,binary_hsv,True,True,90336,35.42,87.41,10.14,6.34,50.5,11.27,1127.45
burn_0119_brightness_decrease.jpg,binary_hsv,True,True,92613,36.32,82.3,6.5,10.14,50.5,11.56,1156.1
burn_0014_horizontal_flip.jpg,binary_hsv,True,True,2047,4.23,10.69,2.09,2.0,22.0,1.35,134.65
burn_0014_vertical_flip.jpg,binary_hsv,True,True,2101,4.34,11.1,2.09,2.0,22.0,1.38,138.15
burn_0014_rotation_90.jpg,binary_hsv,True,True,2092,4.32,11.15,2.09,2.0,22.0,1.38,137.51
burn_0014_brightness_increase.jpg,binary_hsv,True,True,7551,14.92,67.77,8.18,6.4,22.5,4.75,474.92
burn_0014_brightness_decrease.jpg,binary_hsv,True,True,2190,4.74,11.53,2.14,2.05,21.5,1.51,150.88
burn_0104_horizontal_flip.jpg,binary_hsv,True,True,29846,61.67,146.5,18.91,6.95,22.0,19.63,1963.02
burn_0104_vertical_flip.jpg,binary_hsv,True,True,29962,61.9,159.42,18.91,6.95,22.0,19.7,1970.34
burn_0104_rotation_90.jpg,binary_hsv,True,True,29879,61.73,157.82,6.95,18.91,22.0,19.65,1964.93
burn_0104_brightness_increase.jpg,binary_hsv,True,True,37548,74.17,170.71,19.91,7.11,22.5,23.61,2360.9
burn_0104_brightness_decrease.jpg,binary_hsv,True,True,30066,65.04,187.14,19.35,7.12,21.5,20.7,2070.29
burn_0035_horizontal_flip.jpg,binary_hsv,True,False,154479,3152.63,853.38,73.14,65.14,7.0,1003.51,100351.33
burn_0035_vertical_flip.jpg,binary_hsv,True,False,154442,3655.43,918.61,78.77,70.15,6.5,1163.56,116355.95
burn_0035_rotation_90.jpg,binary_hsv,True,False,154438,3655.34,922.54,70.15,78.77,6.5,1163.53,116353.09
burn_0035_brightness_decrease.jpg,binary_hsv,True,False,154119,1902.7,673.17,56.89,50.67,9.0,605.65,60564.82
burn_0154_horizontal_flip.jpg,binary_hsv,True,True,37536,77.55,275.31,22.55,12.0,22.0,24.68,2468.49
burn_0154_vertical_flip.jpg,binary_hsv,True,True,37479,77.44,145.51,13.14,9.5,22.0,24.65,2464.99
burn_0154_rotation_90.jpg,binary_hsv,True,True,37382,77.24,384.9,14.91,22.91,22.0,24.59,2458.63
burn_0154_brightness_increase.jpg,binary_hsv,True,True,56894,112.38,349.0,22.76,16.0,22.5,35.77,3577.17
burn_0154_brightness_decrease.jpg,binary_hsv,True,True,37128,80.32,206.15,13.44,13.44,21.5,25.57,2556.67
burn_0124_horizontal_flip.jpg,binary_hsv,True,True,186661,76.18,82.49,10.34,10.34,49.5,24.25,2424.88
burn_0124_vertical_flip.jpg,binary_hsv,True,True,186599,76.16,88.28,10.34,10.34,49.5,24.24,2424.25
burn_0124_rotation_90.jpg,binary_hsv,True,True,186554,76.14,79.27,10.34,10.34,49.5,24.24,2423.61
burn_0124_brightness_increase.jpg,binary_hsv,True,True,186308,76.04,79.02,10.34,10.34,49.5,24.2,2420.43
burn_0124_brightness_decrease.jpg,binary_hsv,True,True,191606,78.2,92.13,10.34,10.34,49.5,24.89,2489.18
burn_0130_brightness_increase.jpg,binary_hsv,True,False,191150,3398.22,602.84,68.27,67.2,7.5,1081.69,108168.7
burn_0117_horizontal_flip.jpg,binary_hsv,True,True,141786,392.76,352.4,24.0,26.95,19.0,125.02,12501.94
burn_0117_vertical_flip.jpg,binary_hsv,True,True,141791,392.77,341.24,24.0,26.95,19.0,125.02,12502.26
burn_0117_rotation_90.jpg,binary_hsv,True,True,141961,393.24,348.43,26.95,23.89,19.0,125.17,12517.22
burn_0117_brightness_increase.jpg,binary_hsv,True,True,147667,409.05,318.56,24.0,26.95,19.0,130.2,13020.47
burn_0117_brightness_decrease.jpg,binary_hsv,True,True,143225,396.75,364.06,24.0,26.95,19.0,126.29,12628.94
burn_0181_horizontal_flip.jpg,binary_hsv,True,False,156856,2788.55,697.85,58.67,68.27,7.5,887.62,88762.3
burn_0181_rotation_90.jpg,binary_hsv,True,False,156816,2787.84,642.29,68.27,58.67,7.5,887.4,88739.7
burn_0108_horizontal_flip.jpg,binary_hsv,True,True,187030,73.34,82.4,9.66,10.14,50.5,23.34,2334.48
burn_0108_vertical_flip.jpg,binary_hsv,True,True,187054,73.35,80.75,9.66,10.14,50.5,23.35,2334.8
burn_0108_rotation_90.jpg,binary_hsv,True,True,187068,73.35,83.83,10.14,9.66,50.5,23.35,2334.8
burn_0108_brightness_decrease.jpg,binary_hsv,True,True,187335,73.46,85.59,9.66,10.14,50.5,23.38,2338.3
burn_0038_horizontal_flip.jpg,binary_hsv,True,True,88697,34.78,151.69,9.98,7.88,50.5,11.07,1107.08
burn_0038_vertical_flip.jpg,binary_hsv,True,True,88688,34.78,148.95,9.98,7.88,50.5,11.07,1107.08
burn_0038_rotation_90.jpg,binary_hsv,True,True,88788,34.82,153.48,7.92,9.98,50.5,11.08,1108.36
burn_0038_brightness_increase.jpg,binary_hsv,True,True,96923,37.26,154.02,9.88,8.0,51.0,11.86,1186.02
burn_0038_brightness_decrease.jpg,binary_hsv,True,True,89293,35.01,153.84,9.98,7.88,50.5,11.14,1114.4
burn_0166_horizontal_flip.jpg,binary_hsv,True,True,105284,41.28,68.71,10.14,5.86,50.5,13.14,1313.98
burn_0166_vertical_flip.jpg,binary_hsv,True,True,105289,41.29,71.14,10.14,5.86,50.5,13.14,1314.3
burn_0166_rotation_90.jpg,binary_hsv,True,True,105229,41.26,68.55,5.86,10.14,50.5,13.13,1313.35
burn_0166_brightness_increase.jpg,binary_hsv,True,True,110714,42.57,62.4,10.04,5.96,51.0,13.55,1355.05
burn_0166_brightness_decrease.jpg,binary_hsv,True,True,105261,41.27,63.0,10.14,5.86,50.5,13.14,1313.66
burn_0042_brightness_decrease.jpg,binary_hsv,True,True,173447,50.68,133.32,8.21,8.75,58.5,16.13,1613.19
burn_0064_horizontal_flip.jpg,binary_hsv,True,True,194539,79.4,60.41,10.34,10.34,49.5,25.27,2527.38
burn_0064_vertical_flip.jpg,binary_hsv,True,True,194439,79.35,60.08,10.34,10.34,49.5,25.26,2525.79
burn_0064_rotation_90.jpg,binary_hsv,True,True,194303,79.3,60.01,10.34,10.34,49.5,25.24,2524.2
burn_0064_brightness_increase.jpg,binary_hsv,True,True,195938,78.38,57.32,10.24,10.24,50.0,24.95,2494.91
burn_0064_brightness_decrease.jpg,binary_hsv,True,True,192216,78.45,59.3,10.34,10.34,49.5,24.97,2497.14
burn_0100_rotation_90.jpg,binary_hsv,True,False,131754,1626.59,335.96,56.89,38.56,9.0,517.76,51775.97
burn_0100_brightness_decrease.jpg,binary_hsv,True,True,131574,1624.37,370.89,38.22,56.89,9.0,517.05,51705.3
burn_0131_horizontal_flip.jpg,binary_hsv,True,True,22602,46.7,247.42,18.55,6.55,22.0,14.87,1486.51
burn_0131_vertical_flip.jpg,binary_hsv,True,True,22587,46.67,224.7,18.55,6.18,22.0,14.86,1485.55
burn_0131_rotation_90.jpg,binary_hsv,True,True,22461,46.41,231.61,5.36,18.55,22.0,14.77,1477.28
burn_0131_brightness_increase.jpg,binary_hsv,True,True,53499,105.68,292.64,21.33,9.64,22.5,33.64,3363.9
burn_0131_brightness_decrease.jpg,binary_hsv,True,True,22834,49.4,236.46,18.98,6.7,21.5,15.72,1572.45
burn_0180_rotation_90.jpg,binary_hsv,True,True,24785,11.22,69.73,8.17,3.23,47.0,3.57,357.14
burn_0180_brightness_increase.jpg,binary_hsv,True,True,27005,11.97,75.46,3.2,8.08,47.5,3.81,381.02
burn_0092_horizontal_flip.jpg,binary_hsv,True,True,149738,43.75,114.96,8.62,8.75,58.5,13.93,1392.61
burn_0092_vertical_flip.jpg,binary_hsv,True,True,149734,43.75,113.87,8.62,8.75,58.5,13.93,1392.61
burn_0092_rotation_90.jpg,binary_hsv,True,True,149615,43.72,92.51,8.75,8.58,58.5,13.92,1391.65
burn_0092_brightness_increase.jpg,binary_hsv,True,True,166804,46.33,97.89,8.53,8.53,60.0,14.75,1474.73
burn_0092_brightness_decrease.jpg,binary_hsv,True,True,148910,44.27,111.28,8.69,8.83,58.0,14.09,1409.16
burn_0157_horizontal_flip.jpg,binary_hsv,True,True,1678,3.47,10.24,1.91,2.32,22.0,1.1,110.45
burn_0157_vertical_flip.jpg,binary_hsv,True,True,1694,3.5,10.24,1.91,2.32,22.0,1.11,111.41
burn_0157_rotation_90.jpg,binary_hsv,True,True,1694,3.5,11.12,2.41,2.0,22.0,1.11,111.41
burn_0157_brightness_increase.jpg,binary_hsv,True,True,8158,16.11,63.03,3.07,5.16,22.5,5.13,512.8
burn_0157_brightness_decrease.jpg,binary_hsv,True,True,1661,3.59,10.55,1.95,2.28,21.5,1.14,114.27
burn_0013_horizontal_flip.jpg,binary_hsv,True,True,81725,194.47,317.85,23.41,24.98,20.5,61.9,6190.17
burn_0013_vertical_flip.jpg,binary_hsv,True,True,81739,194.5,315.81,23.41,24.98,20.5,61.91,6191.13
burn_0013_rotation_90.jpg,binary_hsv,True,True,81832,194.72,323.16,24.98,23.41,20.5,61.98,6198.13
burn_0013_brightness_increase.jpg,binary_hsv,True,True,83206,197.99,309.0,23.41,24.98,20.5,63.02,6302.22
burn_0013_brightness_decrease.jpg,binary_hsv,True,True,81949,204.87,215.93,24.0,25.6,20.0,65.21,6521.21
burn_0174_brightness_decrease.jpg,binary_hsv,True,True,223597,3493.7,393.83,64.0,64.0,8.0,1112.08,111207.92
burn_0162_brightness_increase.jpg,binary_hsv,True,False,196907,1627.33,485.44,46.55,46.55,11.0,518.0,51799.52
burn_0162_brightness_decrease.jpg,binary_hsv,True,True,190125,164.47,167.96,15.06,15.06,34.0,52.35,5235.24
burn_0136_horizontal_flip.jpg,binary_hsv,True,True,206078,62.33,106.96,8.9,8.77,57.5,19.84,1984.03
burn_0136_vertical_flip.jpg,binary_hsv,True,True,206125,61.27,111.59,8.83,8.69,58.0,19.5,1950.28
burn_0136_rotation_90.jpg,binary_hsv,True,True,206132,62.35,107.32,8.77,8.9,57.5,19.85,1984.66
burn_0136_brightness_increase.jpg,binary_hsv,True,True,212888,61.16,57.31,8.68,8.54,59.0,19.47,1946.78
burn_0136_brightness_decrease.jpg,binary_hsv,True,True,206016,63.41,109.89,8.98,8.84,57.0,20.18,2018.4
burn_0179_horizontal_flip.jpg,binary_hsv,True,True,150947,47.29,75.47,8.21,8.5,56.5,15.05,1505.29
burn_0179_vertical_flip.jpg,binary_hsv,True,False,150903,47.27,76.36,8.21,8.5,56.5,15.05,1504.65
burn_0179_rotation_90.jpg,binary_hsv,True,False,151009,47.3,81.08,8.5,8.21,56.5,15.06,1505.61
burn_0179_brightness_increase.jpg,binary_hsv,True,False,150976,47.29,77.95,8.21,8.5,56.5,15.05,1505.29
burn_0179_brightness_decrease.jpg,binary_hsv,True,True,150882,48.11,76.92,8.29,8.57,56.0,15.31,1531.39
burn_0167_horizontal_flip.jpg,binary_hsv,True,True,45957,94.95,206.92,18.91,9.45,22.0,30.22,3022.35
burn_0167_vertical_flip.jpg,binary_hsv,True,True,46019,95.08,206.19,18.91,9.45,22.0,30.26,3026.49
burn_0167_rotation_90.jpg,binary_hsv,True,True,45996,95.03,210.09,9.45,18.91,22.0,30.25,3024.9
burn_0167_brightness_increase.jpg,binary_hsv,True,True,77023,152.14,204.15,22.18,10.31,22.5,48.43,4842.77
burn_0167_brightness_decrease.jpg,binary_hsv,True,True,44602,96.49,214.09,18.98,9.67,21.5,30.71,3071.37
burn_0006_horizontal_flip.jpg,binary_hsv,True,True,220858,88.34,77.09,10.08,10.24,50.0,28.12,2811.95
burn_0006_vertical_flip.jpg,binary_hsv,True,True,220845,88.34,77.65,10.08,10.24,50.0,28.12,2811.95
burn_0006_rotation_90.jpg,binary_hsv,True,True,220851,88.34,72.59,10.24,10.08,50.0,28.12,2811.95
burn_0006_brightness_increase.jpg,binary_hsv,True,False,220884,3057.22,461.25,59.29,60.24,8.5,973.14,97314.34
burn_0006_brightness_decrease.jpg,binary_hsv,True,True,220795,88.32,75.84,10.08,10.24,50.0,28.11,2811.31
burn_0072_horizontal_flip.jpg,binary_hsv,True,False,40080,494.81,539.73,40.89,32.0,9.0,157.5,15750.29
burn_0072_vertical_flip.jpg,binary_hsv,True,False,40156,495.75,540.54,40.89,32.0,9.0,157.8,15780.21
burn_0139_horizontal_flip.jpg,binary_hsv,True,False,186183,51.72,77.85,8.53,7.87,60.0,16.46,1646.3
burn_0139_vertical_flip.jpg,binary_hsv,True,True,186158,51.71,81.35,8.53,7.87,60.0,16.46,1645.98
burn_0139_rotation_90.jpg,binary_hsv,True,True,186165,51.71,84.53,7.87,8.53,60.0,16.46,1645.98
burn_0139_brightness_increase.jpg,binary_hsv,True,True,195901,53.52,80.22,8.46,7.8,60.5,17.04,1703.59
burn_0139_brightness_decrease.jpg,binary_hsv,True,True,185937,55.27,83.5,8.83,8.14,58.0,17.59,1759.3
burn_0159_horizontal_flip.jpg,binary_hsv,True,True,134135,39.19,112.01,7.38,8.75,58.5,12.47,1247.46
burn_0159_vertical_flip.jpg,binary_hsv,True,True,134212,39.22,107.61,7.38,8.75,58.5,12.48,1248.41
burn_0159_rotation_90.jpg,binary_hsv,True,True,134298,39.24,104.15,8.75,7.38,58.5,12.49,1249.05
burn_0159_brightness_increase.jpg,binary_hsv,True,True,167566,48.14,105.48,8.68,8.68,59.0,15.32,1532.34
burn_0159_brightness_decrease.jpg,binary_hsv,True,True,133907,39.13,108.72,7.38,8.75,58.5,12.46,1245.55
burn_0145_brightness_decrease.jpg,binary_hsv,True,True,185235,72.63,93.57,8.71,10.14,50.5,23.12,2311.88
burn_0005_horizontal_flip.jpg,binary_hsv,True,True,22611,8.87,24.16,3.21,3.49,50.5,2.82,282.34
burn_0005_vertical_flip.jpg,binary_hsv,True,True,22653,8.88,24.49,3.21,3.49,50.5,2.83,282.66
burn_0005_rotation_90.jpg,binary_hsv,True,True,22653,8.88,37.66,4.1,4.44,50.5,2.83,282.66
burn_0005_brightness_increase.jpg,binary_hsv,True,True,25735,9.89,40.87,4.9,4.24,51.0,3.15,314.81
burn_0005_brightness_decrease.jpg,binary_hsv,True,True,23762,9.32,66.63,4.87,4.28,50.5,2.97,296.66
burn_0079_horizontal_flip.jpg,binary_hsv,True,True,43040,88.93,306.44,23.27,12.59,22.0,28.31,2830.73
burn_0079_vertical_flip.jpg,binary_hsv,True,True,42998,88.84,428.95,23.27,15.64,22.0,28.28,2827.87
burn_0079_rotation_90.jpg,binary_hsv,True,True,42981,88.8,470.82,15.64,23.27,22.0,28.27,2826.59
burn_0079_brightness_increase.jpg,binary_hsv,True,True,63111,124.66,346.45,22.76,15.29,22.5,39.68,3968.05
burn_0079_brightness_decrease.jpg,binary_hsv,True,True,43187,93.43,449.12,23.81,16.37,21.5,29.74,2973.97
burn_0152_horizontal_flip.jpg,binary_hsv,True,True,25124,51.91,233.16,5.45,18.55,22.0,16.52,1652.35
burn_0152_vertical_flip.jpg,binary_hsv,True,True,25254,52.18,217.27,5.45,18.5,22.0,16.61,1660.94
burn_0152_rotation_90.jpg,binary_hsv,True,True,25338,52.35,217.13,18.55,5.82,22.0,16.66,1666.35
burn_0152_brightness_increase.jpg,binary_hsv,True,True,50972,100.69,218.97,6.98,22.76,22.5,32.05,3205.06
burn_0152_brightness_decrease.jpg,binary_hsv,True,True,25593,55.37,208.24,5.58,18.6,21.5,17.62,1762.48
burn_0012_horizontal_flip.jpg,binary_hsv,True,True,73589,23.47,64.64,6.29,6.0,56.0,7.47,747.07
burn_0012_vertical_flip.jpg,binary_hsv,True,True,73660,23.49,60.15,6.29,6.0,56.0,7.48,747.71
burn_0012_rotation_90.jpg,binary_hsv,True,True,73718,23.51,55.86,6.0,6.29,56.0,7.48,748.35
burn_0012_brightness_increase.jpg,binary_hsv,True,True,74246,23.26,56.61,6.23,5.95,56.5,7.4,740.39
burn_0012_brightness_decrease.jpg,binary_hsv,True,True,74720,24.26,63.06,6.34,6.05,55.5,7.72,772.22
burn_0007_horizontal_flip.jpg,binary_hsv,True,True,16318,13.32,30.46,3.2,3.43,35.0,4.24,423.99
burn_0007_vertical_flip.jpg,binary_hsv,True,True,16173,13.2,33.73,3.2,3.43,35.0,4.2,420.17
burn_0007_rotation_90.jpg,binary_hsv,True,True,16199,13.22,38.02,3.43,3.2,35.0,4.21,420.81
burn_0007_brightness_increase.jpg,binary_hsv,True,True,27919,22.79,74.58,4.83,4.11,35.0,7.25,725.43
burn_0007_brightness_decrease.jpg,binary_hsv,True,True,16375,13.37,34.28,3.2,3.43,35.0,4.26,425.58
burn_0062_horizontal_flip.jpg,binary_hsv,True,True,143769,71.0,105.57,11.38,9.96,45.0,22.6,2260.0
burn_0062_vertical_flip.jpg,binary_hsv,True,True,143783,74.27,110.09,11.64,10.18,44.0,23.64,2364.09
burn_0062_rotation_90.jpg,binary_hsv,True,True,143830,72.63,110.61,10.09,11.51,44.5,23.12,2311.88
burn_0062_brightness_increase.jpg,binary_hsv,True,True,144860,74.82,120.05,11.64,11.07,44.0,23.82,2381.59
burn_0062_brightness_decrease.jpg,binary_hsv,True,True,143821,76.01,109.3,11.77,10.3,43.5,24.19,2419.47
burn_0061_horizontal_flip.jpg,binary_hsv,True,True,28628,59.15,145.57,7.64,16.82,22.0,18.83,1882.8
burn_0061_vertical_flip.jpg,binary_hsv,True,True,28738,59.38,188.91,9.55,16.82,22.0,18.9,1890.12
burn_0061_rotation_90.jpg,binary_hsv,True,True,28726,59.35,128.73,16.5,7.64,22.0,18.89,1889.17
burn_0061_brightness_increase.jpg,binary_hsv,True,True,62110,122.69,166.08,13.16,19.82,22.5,39.05,3905.34
burn_0061_brightness_decrease.jpg,binary_hsv,True,True,29134,63.03,136.54,7.53,16.51,21.5,20.06,2006.31
burn_0156_horizontal_flip.jpg,binary_hsv,True,True,11836,24.45,57.62,6.14,5.45,22.0,7.78,778.27
burn_0156_vertical_flip.jpg,binary_hsv,True,True,11758,24.29,54.21,6.14,5.45,22.0,7.73,773.17
burn_0156_rotation_90.jpg,binary_hsv,True,True,11802,24.38,58.29,5.45,6.18,22.0,7.76,776.04
burn_0156_brightness_increase.jpg,binary_hsv,True,True,53536,105.75,192.83,12.44,17.07,22.5,33.66,3366.13
burn_0156_brightness_decrease.jpg,binary_hsv,True,True,12251,26.5,62.25,6.33,5.44,21.5,8.44,843.52
burn_0132_horizontal_flip.jpg,binary_hsv,True,True,33598,12.92,75.73,6.63,4.86,51.0,4.11,411.26
burn_0132_vertical_flip.jpg,binary_hsv,True,True,33798,12.99,72.47,6.27,4.55,51.0,4.13,413.48
burn_0132_rotation_90.jpg,binary_hsv,True,True,33687,12.95,76.06,4.86,6.59,51.0,4.12,412.21
burn_0132_brightness_increase.jpg,binary_hsv,True,True,45581,17.52,69.0,3.29,5.8,51.0,5.58,557.68
burn_0132_brightness_decrease.jpg,binary_hsv,True,True,34488,13.26,84.24,7.06,4.86,51.0,4.22,422.08
burn_0059_horizontal_flip.jpg,binary_hsv,True,True,142730,58.25,136.1,8.73,10.18,49.5,18.54,1854.16
burn_0059_vertical_flip.jpg,binary_hsv,True,True,142686,58.23,143.84,8.73,10.18,49.5,18.54,1853.52
burn_0059_rotation_90.jpg,binary_hsv,True,True,142740,58.26,136.8,10.18,8.73,49.5,18.54,1854.47
burn_0059_brightness_increase.jpg,binary_hsv,True,True,179980,71.99,115.95,9.76,10.24,50.0,22.92,2291.51
burn_0059_brightness_decrease.jpg,binary_hsv,True,True,144096,58.81,168.74,9.6,10.34,49.5,18.72,1871.98
burn_0053_horizontal_flip.jpg,binary_hsv,True,True,242833,77.43,58.53,9.14,9.14,56.0,24.65,2464.67
burn_0053_vertical_flip.jpg,binary_hsv,True,True,242812,77.43,58.48,9.14,9.14,56.0,24.65,2464.67
burn_0053_rotation_90.jpg,binary_hsv,True,True,242817,77.43,56.78,9.14,9.14,56.0,24.65,2464.67
burn_0053_brightness_increase.jpg,binary_hsv,True,True,244075,64.53,54.22,8.33,8.33,61.5,20.54,2054.05
burn_0053_brightness_decrease.jpg,binary_hsv,True,True,242750,77.41,57.85,9.14,9.14,56.0,24.64,2464.04
burn_0051_horizontal_flip.jpg,binary_hsv,True,True,29102,11.64,184.55,5.44,7.36,50.0,3.71,370.51
burn_0051_vertical_flip.jpg,binary_hsv,True,True,29060,11.62,187.33,5.44,7.36,50.0,3.7,369.88
burn_0051_rotation_90.jpg,binary_hsv,True,True,29027,11.61,179.33,7.36,5.6,50.0,3.7,369.56
burn_0051_brightness_increase.jpg,binary_hsv,True,True,165140,66.06,154.36,10.08,10.24,50.0,21.03,2102.76
burn_0051_brightness_decrease.jpg,binary_hsv,True,True,27957,11.18,192.02,4.8,7.36,50.0,3.56,355.87
burn_0080_horizontal_flip.jpg,binary_hsv,True,True,28890,59.69,209.26,23.27,12.36,22.0,19.0,1899.99
burn_0080_vertical_flip.jpg,binary_hsv,True,True,28985,59.89,225.74,23.27,12.36,22.0,19.06,1906.36
burn_0080_rotation_90.jpg,binary_hsv,True,True,28858,59.62,312.06,12.36,23.27,22.0,18.98,1897.76
burn_0080_brightness_increase.jpg,binary_hsv,True,True,46244,91.35,318.28,22.76,13.16,22.5,29.08,2907.76
burn_0080_brightness_decrease.jpg,binary_hsv,True,True,29062,62.87,214.87,23.81,12.65,21.5,20.01,2001.21
burn_0002_horizontal_flip.jpg,binary_hsv,True,True,117612,85.91,96.58,7.14,13.84,37.0,27.35,2734.6
burn_0002_vertical_flip.jpg,binary_hsv,True,True,117556,85.87,111.58,7.14,13.84,37.0,27.33,2733.33
burn_0002_rotation_90.jpg,binary_hsv,True,True,117720,85.99,89.45,13.84,7.14,37.0,27.37,2737.15
burn_0002_brightness_increase.jpg,binary_hsv,True,True,120132,87.75,87.42,7.35,13.84,37.0,27.93,2793.17
burn_0002_brightness_decrease.jpg,binary_hsv,True,True,117935,86.15,129.56,7.14,13.84,37.0,27.42,2742.24
burn_0032_horizontal_flip.jpg,binary_hsv,True,True,106498,44.36,119.71,8.82,9.47,49.0,14.12,1412.02
burn_0032_vertical_flip.jpg,binary_hsv,True,True,106560,44.38,121.98,8.82,9.47,49.0,14.13,1412.66
burn_0032_rotation_90.jpg,binary_hsv,True,True,106559,43.49,112.27,9.37,8.73,49.5,13.84,1384.33
burn_0032_brightness_increase.jpg,binary_hsv,True,True,107653,43.94,122.99,8.73,9.37,49.5,13.99,1398.65
burn_0032_brightness_decrease.jpg,binary_hsv,True,True,106115,44.2,123.11,8.82,9.47,49.0,14.07,1406.93
burn_0137_horizontal_flip.jpg,binary_hsv,True,True,35267,72.87,144.1,11.27,9.82,22.0,23.2,2319.52
burn_0137_vertical_flip.jpg,binary_hsv,True,True,35284,72.9,160.72,11.27,9.82,22.0,23.2,2320.48
burn_0137_rotation_90.jpg,binary_hsv,True,True,35108,72.54,160.43,9.82,11.27,22.0,23.09,2309.02
burn_0137_brightness_increase.jpg,binary_hsv,True,True,74543,147.25,295.86,15.87,22.76,22.5,46.87,4687.11
burn_0137_brightness_decrease.jpg,binary_hsv,True,True,35003,75.72,160.47,11.53,10.05,21.5,24.1,2410.24
burn_0055_horizontal_flip.jpg,binary_hsv,True,True,78478,30.77,105.75,8.24,8.08,50.5,9.79,979.44
burn_0055_vertical_flip.jpg,binary_hsv,True,True,78454,30.76,110.33,8.24,8.08,50.5,9.79,979.12
burn_0055_rotation_90.jpg,binary_hsv,True,True,78422,30.75,110.6,8.08,8.16,50.5,9.79,978.8
burn_0055_brightness_increase.jpg,binary_hsv,True,False,124904,1249.04,760.36,51.2,46.4,10.0,397.58,39758.18
burn_0055_brightness_decrease.jpg,binary_hsv,True,True,80446,31.54,101.05,8.24,8.08,50.5,10.04,1003.95
burn_0065_horizontal_flip.jpg,binary_hsv,True,True,170257,66.76,76.55,10.14,9.19,50.5,21.25,2125.04
burn_0065_vertical_flip.jpg,binary_hsv,True,True,170253,66.76,78.08,10.14,9.19,50.5,21.25,2125.04
burn_0065_rotation_90.jpg,binary_hsv,True,True,170249,66.76,81.53,9.19,10.14,50.5,21.25,2125.04
burn_0065_brightness_increase.jpg,binary_hsv,True,True,181972,69.96,90.2,10.04,9.1,51.0,22.27,2226.9
burn_0065_brightness_decrease.jpg,binary_hsv,True,True,165570,64.92,81.82,10.14,9.19,50.5,20.66,2066.47
burn_0111_horizontal_flip.jpg,binary_hsv,True,True,147053,61.25,168.95,9.96,10.29,49.0,19.5,1949.65
burn_0111_vertical_flip.jpg,binary_hsv,True,True,147070,61.25,172.91,9.96,10.29,49.0,19.5,1949.65
burn_0111_rotation_90.jpg,binary_hsv,True,True,146875,61.17,154.81,10.29,9.96,49.0,19.47,1947.1
burn_0111_brightness_increase.jpg,binary_hsv,True,True,148952,60.79,171.85,9.86,10.18,49.5,19.35,1935.01
burn_0111_brightness_decrease.jpg,binary_hsv,True,True,147345,61.37,163.48,9.96,10.29,49.0,19.53,1953.47
burn_0094_horizontal_flip.jpg,binary_hsv,True,True,189408,74.27,91.85,9.37,10.14,50.5,23.64,2364.09
burn_0094_vertical_flip.jpg,binary_hsv,True,True,189643,74.36,96.64,9.5,10.14,50.5,23.67,2366.95
burn_0094_rotation_90.jpg,binary_hsv,True,True,189737,74.4,86.88,10.14,9.45,50.5,23.68,2368.23
burn_0094_brightness_increase.jpg,binary_hsv,True,True,190575,73.27,87.1,9.41,10.04,51.0,23.32,2332.26
burn_0094_brightness_decrease.jpg,binary_hsv,True,True,189217,74.2,87.77,9.5,10.14,50.5,23.62,2361.86
burn_0008_brightness_decrease.jpg,binary_hsv,True,True,208693,2576.46,419.67,56.89,56.89,9.0,820.11,82011.27
burn_0118_horizontal_flip.jpg,binary_hsv,True,True,37442,14.68,45.35,2.75,7.29,50.5,4.67,467.28
burn_0118_vertical_flip.jpg,binary_hsv,True,True,37415,14.67,46.87,2.75,7.29,50.5,4.67,466.96
burn_0105_rotation_90.jpg,binary_hsv,True,False,144807,2955.24,1078.03,70.86,72.0,7.0,940.68,94068.21
burn_0105_brightness_increase.jpg,binary_hsv,True,False,152942,2389.72,764.65,64.0,64.0,8.0,760.67,76067.15
burn_0105_brightness_decrease.jpg,binary_hsv,True,False,140996,1740.69,795.89,56.89,55.11,9.0,554.08,55407.88
burn_0165_horizontal_flip.jpg,binary_hsv,True,True,155006,43.06,114.0,8.53,8.13,60.0,13.71,1370.64
burn_0165_vertical_flip.jpg,binary_hsv,True,True,154931,43.04,116.17,8.53,8.13,60.0,13.7,1370.01
burn_0165_rotation_90.jpg,binary_hsv,True,True,154964,43.05,113.94,8.13,8.53,60.0,13.7,1370.32
burn_0165_brightness_increase.jpg,binary_hsv,True,True,198553,55.15,82.41,8.53,8.53,60.0,17.55,1755.48
burn_0165_brightness_decrease.jpg,binary_hsv,True,True,156083,43.36,116.57,8.53,8.1,60.0,13.8,1380.19
burn_0052_horizontal_flip.jpg,binary_hsv,True,True,36173,74.74,171.14,15.64,11.27,22.0,23.79,2379.05
burn_0052_vertical_flip.jpg,binary_hsv,True,True,36251,74.9,181.35,15.64,11.27,22.0,23.84,2384.14
burn_0052_rotation_90.jpg,binary_hsv,True,True,36207,74.81,138.0,8.82,15.36,22.0,23.81,2381.28
burn_0052_brightness_increase.jpg,binary_hsv,True,True,67203,132.75,184.81,16.0,12.8,22.5,42.26,4225.56
burn_0052_brightness_decrease.jpg,binary_hsv,True,True,35608,77.03,176.48,16.0,11.53,21.5,24.52,2451.94
burn_0015_horizontal_flip.jpg,binary_hsv,True,True,25874,53.46,102.43,15.55,5.82,22.0,17.02,1701.68
burn_0015_vertical_flip.jpg,binary_hsv,True,True,25965,53.65,104.64,15.64,5.59,22.0,17.08,1707.73
burn_0015_rotation_90.jpg,binary_hsv,True,True,26006,53.73,130.39,5.82,16.0,22.0,17.1,1710.28
burn_0015_brightness_increase.jpg,binary_hsv,True,True,36876,72.84,184.63,19.56,6.76,22.5,23.19,2318.57
burn_0015_brightness_decrease.jpg,binary_hsv,True,True,26283,56.86,107.79,15.91,5.72,21.5,18.1,1809.91
burn_0030_horizontal_flip.jpg,binary_hsv,True,True,235714,75.16,44.73,9.14,9.14,56.0,23.92,2392.42
burn_0030_vertical_flip.jpg,binary_hsv,True,True,235623,75.13,43.61,9.14,9.14,56.0,23.91,2391.46
burn_0030_rotation_90.jpg,binary_hsv,True,True,235836,75.2,45.16,9.14,9.14,56.0,23.94,2393.69
burn_0030_brightness_increase.jpg,binary_hsv,True,True,237860,74.51,44.36,9.06,9.06,56.5,23.72,2371.73
burn_0030_brightness_decrease.jpg,binary_hsv,True,True,235412,75.07,46.67,9.14,9.14,56.0,23.9,2389.55
burn_0071_horizontal_flip.jpg,binary_hsv,True,True,23905,49.39,144.2,10.55,5.45,22.0,15.72,1572.13
burn_0071_vertical_flip.jpg,binary_hsv,True,True,23806,49.19,171.16,10.55,5.82,22.0,15.66,1565.77
burn_0071_rotation_90.jpg,binary_hsv,True,True,23951,49.49,174.56,5.73,10.55,22.0,15.75,1575.32
burn_0071_brightness_increase.jpg,binary_hsv,True,True,53734,106.14,277.58,22.76,11.02,22.5,33.79,3378.54
burn_0071_brightness_decrease.jpg,binary_hsv,True,True,24030,51.98,82.73,6.7,7.44,21.5,16.55,1654.57
burn_0031_horizontal_flip.jpg,binary_hsv,True,False,78018,707.65,556.21,43.43,34.67,10.5,225.25,22525.2
burn_0031_rotation_90.jpg,binary_hsv,True,False,78095,708.34,562.64,38.1,43.43,10.5,225.47,22547.16
burn_0120_brightness_increase.jpg,binary_hsv,True,True,85690,1186.02,685.08,51.88,43.29,8.5,377.52,37752.19
burn_0120_brightness_decrease.jpg,binary_hsv,True,True,27388,59.25,228.23,19.44,8.93,21.5,18.86,1885.99
burn_0116_horizontal_flip.jpg,binary_hsv,True,True,175352,68.76,149.97,9.66,9.19,50.5,21.89,2188.7
burn_0116_vertical_flip.jpg,binary_hsv,True,True,175383,68.77,180.13,9.66,10.14,50.5,21.89,2189.02
burn_0116_rotation_90.jpg,binary_hsv,True,True,175473,68.81,182.67,10.14,9.66,50.5,21.9,2190.29
burn_0116_brightness_increase.jpg,binary_hsv,True,True,184497,70.93,179.7,9.73,10.04,51.0,22.58,2257.77
burn_0116_brightness_decrease.jpg,binary_hsv,True,True,174261,68.33,150.53,9.66,9.23,50.5,21.75,2175.01
burn_0043_horizontal_flip.jpg,binary_hsv,True,True,21123,8.28,26.93,3.23,3.49,50.5,2.64,263.56
burn_0043_vertical_flip.jpg,binary_hsv,True,True,21065,8.26,28.85,3.17,3.49,50.5,2.63,262.92
burn_0043_rotation_90.jpg,binary_hsv,True,True,21065,8.26,27.64,3.49,3.17,50.5,2.63,262.92
burn_0043_brightness_increase.jpg,binary_hsv,True,True,24485,9.41,29.35,3.14,3.45,51.0,3.0,299.53
burn_0043_brightness_decrease.jpg,binary_hsv,True,True,23247,9.12,15.31,1.58,2.06,50.5,2.9,290.3
burn_0134_horizontal_flip.jpg,binary_hsv,True,True,184892,72.5,89.33,10.14,9.5,50.5,23.08,2307.75
burn_0134_vertical_flip.jpg,binary_hsv,True,True,184829,72.47,95.16,10.14,9.5,50.5,23.07,2306.79
burn_0134_rotation_90.jpg,binary_hsv,True,True,184817,72.47,91.47,9.5,10.14,50.5,23.07,2306.79
burn_0134_brightness_increase.jpg,binary_hsv,True,False,185884,2904.44,583.76,64.0,60.0,8.0,924.51,92451.2
burn_0134_brightness_decrease.jpg,binary_hsv,True,True,185813,72.86,89.23,10.14,9.5,50.5,23.19,2319.21
burn_0146_horizontal_flip.jpg,binary_hsv,True,True,53569,110.68,116.94,15.64,9.09,22.0,35.23,3523.05
burn_0146_vertical_flip.jpg,binary_hsv,True,True,53602,110.75,122.94,15.64,9.09,22.0,35.25,3525.28
burn_0146_rotation_90.jpg,binary_hsv,True,True,53511,110.56,133.85,9.09,15.64,22.0,35.19,3519.23
burn_0146_brightness_increase.jpg,binary_hsv,True,True,126211,260.77,175.91,21.32,22.91,22.0,83.01,8300.57
burn_0146_brightness_decrease.jpg,binary_hsv,True,True,53346,115.41,119.84,16.0,9.3,21.5,36.74,3673.61
burn_0163_brightness_decrease.jpg,binary_hsv,True,False,260747,492.91,88.87,22.26,22.26,23.0,156.9,15689.81
burn_0143_horizontal_flip.jpg,binary_hsv,True,True,121670,36.17,138.9,8.41,8.28,58.0,11.51,1151.33
burn_0143_vertical_flip.jpg,binary_hsv,True,True,121724,36.18,164.24,8.41,8.28,58.0,11.52,1151.65
burn_0143_rotation_90.jpg,binary_hsv,True,True,121811,36.21,133.06,8.21,8.41,58.0,11.53,1152.6
burn_0143_brightness_increase.jpg,binary_hsv,True,True,152694,45.39,141.39,8.36,8.28,58.0,14.45,1444.81
burn_0143_brightness_decrease.jpg,binary_hsv,True,True,120316,35.77,143.17,8.36,8.21,58.0,11.39,1138.59
burn_0069_horizontal_flip.jpg,binary_hsv,True,False,185587,58.14,36.18,9.06,9.06,56.5,18.51,1850.65
burn_0069_vertical_flip.jpg,binary_hsv,True,True,185586,58.14,36.18,9.06,9.06,56.5,18.51,1850.65
burn_0069_rotation_90.jpg,binary_hsv,True,True,185653,58.16,36.18,9.06,9.06,56.5,18.51,1851.29
burn_0069_brightness_increase.jpg,binary_hsv,True,True,191987,59.09,35.86,8.98,8.98,57.0,18.81,1880.89
burn_0069_brightness_decrease.jpg,binary_hsv,True,True,186650,59.52,36.5,9.14,9.14,56.0,18.95,1894.58
burn_0142_horizontal_flip.jpg,binary_hsv,True,True,94860,37.2,105.61,9.98,9.5,50.5,11.84,1184.11
burn_0142_vertical_flip.jpg,binary_hsv,True,True,94928,37.22,108.87,9.98,9.5,50.5,11.85,1184.75
burn_0142_rotation_90.jpg,binary_hsv,True,True,94906,37.21,105.01,9.5,9.98,50.5,11.84,1184.43
burn_0142_brightness_increase.jpg,binary_hsv,True,True,95190,36.6,107.76,9.88,9.41,51.0,11.65,1165.01
burn_0142_brightness_decrease.jpg,binary_hsv,True,True,97379,38.18,113.35,9.98,9.5,50.5,12.15,1215.31
burn_0082_horizontal_flip.jpg,binary_hsv,True,True,216673,795.86,288.33,31.03,30.06,16.5,253.33,25333.01
burn_0082_vertical_flip.jpg,binary_hsv,True,True,216670,795.85,281.58,31.03,30.06,16.5,253.33,25332.69
burn_0082_rotation_90.jpg,binary_hsv,True,True,216583,795.53,297.8,29.94,31.03,16.5,253.23,25322.51
burn_0082_brightness_increase.jpg,binary_hsv,True,True,225911,940.32,316.35,33.03,33.03,15.5,299.31,29931.32
burn_0082_brightness_decrease.jpg,binary_hsv,True,True,216940,796.84,258.93,31.03,30.06,16.5,253.64,25364.2
burn_0176_horizontal_flip.jpg,binary_hsv,True,False,187616,3335.4,620.47,68.27,67.2,7.5,1061.69,106169.08
burn_0176_vertical_flip.jpg,binary_hsv,True,False,187595,2931.17,581.05,64.0,63.0,8.0,933.02,93302.04
burn_0176_rotation_90.jpg,binary_hsv,True,False,187615,3335.38,619.14,67.2,68.27,7.5,1061.68,106168.44
burn_0026_horizontal_flip.jpg,binary_hsv,True,True,108161,38.51,154.33,9.66,7.4,53.0,12.26,1225.81
burn_0026_vertical_flip.jpg,binary_hsv,True,True,107993,38.45,160.11,9.66,7.09,53.0,12.24,1223.9
burn_0026_rotation_90.jpg,binary_hsv,True,True,108157,38.5,150.36,7.4,9.66,53.0,12.25,1225.49
burn_0026_brightness_increase.jpg,binary_hsv,True,True,108900,38.77,145.02,9.66,7.4,53.0,12.34,1234.09
burn_0026_brightness_decrease.jpg,binary_hsv,True,True,108980,38.8,155.08,9.66,7.4,53.0,12.35,1235.04
burn_0022_horizontal_flip.jpg,binary_hsv,True,True,68491,141.51,249.07,17.09,20.73,22.0,45.04,4504.4
burn_0022_vertical_flip.jpg,binary_hsv,True,True,68485,141.5,228.46,17.09,20.73,22.0,45.04,4504.08
burn_0022_rotation_90.jpg,binary_hsv,True,True,68612,141.76,204.64,20.73,17.09,22.0,45.12,4512.36
burn_0022_brightness_increase.jpg,binary_hsv,True,True,81992,161.96,206.57,16.71,22.04,22.5,51.55,5155.35
burn_0022_brightness_decrease.jpg,binary_hsv,True,True,68707,148.64,233.95,17.49,21.21,21.5,47.31,4731.36
burn_0177_vertical_flip.jpg,binary_hsv,True,False,208317,2083.17,357.34,46.4,51.2,10.0,663.09,66309.36
burn_0177_brightness_decrease.jpg,binary_hsv,True,True,208292,66.42,63.45,8.29,9.14,56.0,21.14,2114.21
burn_0086_horizontal_flip.jpg,binary_hsv,True,True,177185,69.48,84.85,9.35,10.14,50.5,22.12,2211.62
burn_0086_vertical_flip.jpg,binary_hsv,True,True,177835,69.73,82.66,9.47,10.14,50.5,22.2,2219.57
burn_0086_rotation_90.jpg,binary_hsv,True,True,178037,69.81,86.07,10.14,9.5,50.5,22.22,2222.12
burn_0086_brightness_increase.jpg,binary_hsv,True,True,178532,68.64,87.51,9.41,10.04,51.0,21.85,2184.88
burn_0086_brightness_decrease.jpg,binary_hsv,True,True,177267,69.51,79.61,9.5,10.14,50.5,22.13,2212.57
burn_0133_horizontal_flip.jpg,binary_hsv,True,True,30107,62.2,174.95,8.73,22.14,22.0,19.8,1979.89
burn_0133_vertical_flip.jpg,binary_hsv,True,True,30038,62.06,165.14,8.73,22.18,22.0,19.75,1975.43
burn_0133_rotation_90.jpg,binary_hsv,True,True,30094,62.18,159.16,22.18,8.73,22.0,19.79,1979.25
burn_0133_brightness_increase.jpg,binary_hsv,True,True,42658,84.26,178.3,9.6,22.76,22.5,26.82,2682.08
burn_0133_brightness_decrease.jpg,binary_hsv,True,True,29848,64.57,180.17,8.93,22.7,21.5,20.55,2055.33
burn_0096_horizontal_flip.jpg,binary_hsv,True,True,198401,93.76,117.76,9.91,11.13,46.0,29.84,2984.47
burn_0096_vertical_flip.jpg,binary_hsv,True,True,198396,93.76,120.13,9.91,11.13,46.0,29.84,2984.47
burn_0096_rotation_90.jpg,binary_hsv,True,True,198426,93.77,110.56,11.13,9.91,46.0,29.85,2984.79
burn_0096_brightness_increase.jpg,binary_hsv,True,True,198761,93.93,123.19,11.13,11.13,46.0,29.9,2989.88
burn_0096_brightness_decrease.jpg,binary_hsv,True,True,198591,93.85,115.99,9.91,11.13,46.0,29.87,2987.34
burn_0164_horizontal_flip.jpg,binary_hsv,True,False,179545,1149.09,455.9,40.96,35.84,12.5,365.77,36576.67
burn_0164_vertical_flip.jpg,binary_hsv,True,False,179518,1148.92,431.0,40.96,35.84,12.5,365.71,36571.26
burn_0164_rotation_90.jpg,binary_hsv,True,False,179540,2216.54,623.95,49.78,56.89,9.0,705.55,70554.66
burn_0164_brightness_increase.jpg,binary_hsv,True,False,195111,1354.94,367.33,42.67,37.75,12.0,431.29,43129.08
burn_0164_brightness_decrease.jpg,binary_hsv,True,False,178193,2784.27,731.63,64.0,56.0,8.0,886.26,88626.07
burn_0140_horizontal_flip.jpg,binary_hsv,True,True,2133,4.41,8.79,1.91,2.0,22.0,1.4,140.37
burn_0140_vertical_flip.jpg,binary_hsv,True,True,2128,4.4,8.92,1.91,2.0,22.0,1.4,140.06
burn_0140_rotation_90.jpg,binary_hsv,True,True,2112,4.36,8.79,1.91,2.0,22.0,1.39,138.78
burn_0140_brightness_increase.jpg,binary_hsv,True,True,8670,17.13,106.36,7.64,4.62,22.5,5.45,545.26
burn_0140_brightness_decrease.jpg,binary_hsv,True,True,2257,4.88,8.99,1.95,2.05,21.5,1.55,155.34
burn_0045_brightness_decrease.jpg,binary_hsv,True,True,132387,54.03,70.6,10.02,6.95,49.5,17.2,1719.83
burn_0183_horizontal_flip.jpg,binary_hsv,True,True,11769,24.32,47.29,6.55,3.64,22.0,7.74,774.13
burn_0183_vertical_flip.jpg,binary_hsv,True,True,11715,24.2,49.88,6.55,3.64,22.0,7.7,770.31
burn_0183_rotation_90.jpg,binary_hsv,True,True,11765,24.31,48.16,3.64,6.55,22.0,7.74,773.81
burn_0183_brightness_increase.jpg,binary_hsv,True,True,34824,68.79,147.89,13.38,8.53,22.5,21.9,2189.65
burn_0183_brightness_decrease.jpg,binary_hsv,True,True,11230,24.29,53.77,6.56,3.72,21.5,7.73,773.17
burn_0170_horizontal_flip.jpg,binary_hsv,True,True,36356,75.12,224.62,17.45,14.18,22.0,23.91,2391.14
burn_0170_vertical_flip.jpg,binary_hsv,True,True,36499,75.41,202.1,17.45,14.18,22.0,24.0,2400.37
burn_0170_rotation_90.jpg,binary_hsv,True,True,36371,75.15,211.01,13.09,17.45,22.0,23.92,2392.1
burn_0170_brightness_increase.jpg,binary_hsv,True,True,50773,100.29,232.88,18.49,15.78,22.5,31.92,3192.33
burn_0170_brightness_decrease.jpg,binary_hsv,True,True,36544,79.06,215.26,17.86,14.51,21.5,25.17,2516.56
burn_0107_brightness_increase.jpg,binary_hsv,True,True,196766,2180.23,500.34,53.89,53.89,9.5,693.99,69398.88
burn_0138_horizontal_flip.jpg,binary_hsv,True,True,3597,7.43,9.91,1.91,2.0,22.0,2.37,236.5
burn_0138_vertical_flip.jpg,binary_hsv,True,True,3627,7.49,9.88,1.91,2.0,22.0,2.38,238.41
burn_0138_rotation_90.jpg,binary_hsv,True,True,3593,7.42,10.01,1.91,2.0,22.0,2.36,236.19
burn_0138_brightness_increase.jpg,binary_hsv,True,True,20082,39.67,126.5,14.04,5.24,22.5,12.63,1262.74
burn_0138_brightness_decrease.jpg,binary_hsv,True,True,3922,8.48,9.32,1.95,2.05,21.5,2.7,269.93
burn_0113_horizontal_flip.jpg,binary_hsv,True,True,20535,8.05,28.68,4.12,2.85,50.5,2.56,256.24
burn_0113_vertical_flip.jpg,binary_hsv,True,True,20578,8.07,28.82,4.12,2.85,50.5,2.57,256.88
burn_0113_rotation_90.jpg,binary_hsv,True,True,20550,8.06,26.49,2.85,4.12,50.5,2.57,256.56
burn_0113_brightness_increase.jpg,binary_hsv,True,True,41207,15.84,88.61,10.04,4.71,51.0,5.04,504.2
burn_0113_brightness_decrease.jpg,binary_hsv,True,True,20716,8.12,30.56,4.12,2.85,50.5,2.58,258.47
burn_0028_horizontal_flip.jpg,binary_hsv,True,False,105668,676.28,345.18,37.12,38.4,12.5,215.27,21526.66
burn_0028_rotation_90.jpg,binary_hsv,True,False,105715,676.58,337.33,38.4,37.12,12.5,215.36,21536.21
burn_0028_brightness_increase.jpg,binary_hsv,True,False,118950,761.28,427.04,37.12,39.04,12.5,242.32,24232.3
burn_0126_brightness_increase.jpg,binary_hsv,True,False,137621,1699.02,346.8,36.44,56.89,9.0,540.81,54081.49
burn_0126_brightness_decrease.jpg,binary_hsv,True,False,136046,2418.6,488.95,44.8,68.27,7.5,769.86,76986.43
burn_0149_brightness_increase.jpg,binary_hsv,True,False,223327,3489.48,256.76,64.0,64.0,8.0,1110.74,111073.6
burn_0149_brightness_decrease.jpg,binary_hsv,True,True,221220,92.14,42.06,10.45,10.45,49.0,29.33,2932.91
burn_0058_horizontal_flip.jpg,binary_hsv,True,False,190963,2115.93,522.24,53.89,50.53,9.5,673.52,67352.14
burn_0058_vertical_flip.jpg,binary_hsv,True,False,190960,2115.9,530.75,53.89,50.53,9.5,673.51,67351.19
burn_0058_rotation_90.jpg,binary_hsv,True,False,190890,2115.12,549.0,50.53,53.89,9.5,673.26,67326.36
burn_0058_brightness_increase.jpg,binary_hsv,True,False,202668,1838.26,457.25,48.76,46.48,10.5,585.14,58513.63
burn_0074_horizontal_flip.jpg,binary_hsv,True,False,90268,1000.2,311.41,45.16,25.26,9.5,318.37,31837.35
burn_0074_vertical_flip.jpg,binary_hsv,True,False,90341,1001.01,307.62,45.16,25.26,9.5,318.63,31863.14
burn_0122_horizontal_flip.jpg,binary_hsv,True,True,213375,87.08,96.5,10.34,10.18,49.5,27.72,2771.84
burn_0122_vertical_flip.jpg,binary_hsv,True,True,213404,87.09,92.96,10.34,10.18,49.5,27.72,2772.16
burn_0122_rotation_90.jpg,binary_hsv,True,True,213326,87.06,91.82,10.18,10.34,49.5,27.71,2771.21
burn_0122_brightness_increase.jpg,binary_hsv,True,True,215652,88.01,97.08,10.34,10.18,49.5,28.01,2801.45
burn_0122_brightness_decrease.jpg,binary_hsv,True,True,213307,88.84,100.09,10.45,10.29,49.0,28.28,2827.87
burn_0095_vertical_flip.jpg,binary_hsv,True,True,159148,2486.69,604.57,55.0,60.0,8.0,791.54,79153.8
burn_0095_rotation_90.jpg,binary_hsv,True,True,159183,2203.22,560.56,56.47,51.76,8.5,701.31,70130.67
burn_0095_brightness_increase.jpg,binary_hsv,True,True,169192,2643.62,1068.33,58.0,60.0,8.0,841.49,84149.04
burn_0088_horizontal_flip.jpg,binary_hsv,True,True,239278,93.83,65.24,10.14,10.14,50.5,29.87,2986.7
burn_0088_vertical_flip.jpg,binary_hsv,True,True,239279,93.83,65.38,10.14,10.14,50.5,29.87,2986.7
burn_0088_rotation_90.jpg,binary_hsv,True,True,239295,93.83,66.49,10.14,10.14,50.5,29.87,2986.7
burn_0088_brightness_increase.jpg,binary_hsv,True,True,240922,92.63,62.79,10.04,10.04,51.0,29.49,2948.5
burn_0088_brightness_decrease.jpg,binary_hsv,True,True,239256,93.82,65.82,10.14,10.14,50.5,29.86,2986.38
burn_0033_horizontal_flip.jpg,binary_hsv,True,True,56781,117.32,157.99,13.86,13.09,22.0,37.34,3734.41
burn_0033_vertical_flip.jpg,binary_hsv,True,True,56849,117.46,165.32,14.55,13.32,22.0,37.39,3738.87
burn_0033_rotation_90.jpg,binary_hsv,True,True,56785,117.32,147.58,13.09,14.5,22.0,37.34,3734.41
burn_0033_brightness_increase.jpg,binary_hsv,True,True,79655,157.34,185.02,16.0,13.87,22.5,50.08,5008.29
burn_0033_brightness_decrease.jpg,binary_hsv,True,True,57062,123.44,161.94,14.42,13.63,21.5,39.29,3929.22
burn_0023_horizontal_flip.jpg,binary_hsv,True,False,156436,2165.2,624.93,50.82,56.47,8.5,689.2,68920.46
burn_0023_vertical_flip.jpg,binary_hsv,True,False,156275,2162.98,626.67,50.82,56.47,8.5,688.5,68849.79
burn_0023_rotation_90.jpg,binary_hsv,True,False,156447,2165.36,599.44,56.47,50.82,8.5,689.26,68925.55
burn_0023_brightness_decrease.jpg,binary_hsv,True,False,156370,2164.29,624.07,50.82,56.47,8.5,688.91,68891.49
burn_0129_horizontal_flip.jpg,binary_hsv,True,True,124579,50.84,93.01,9.54,10.34,49.5,16.18,1618.29
burn_0129_vertical_flip.jpg,binary_hsv,True,True,124605,50.85,91.1,9.54,10.34,49.5,16.19,1618.61
burn_0129_rotation_90.jpg,binary_hsv,True,True,124626,50.86,89.17,10.34,9.37,49.5,16.19,1618.92
burn_0129_brightness_increase.jpg,binary_hsv,True,True,132417,54.04,87.2,9.54,10.34,49.5,17.2,1720.15
burn_0129_brightness_decrease.jpg,binary_hsv,True,True,124194,51.73,96.63,9.63,10.45,49.0,16.47,1646.62
burn_0010_horizontal_flip.jpg,binary_hsv,True,True,13485,27.86,96.99,9.82,4.73,22.0,8.87,886.81
burn_0010_vertical_flip.jpg,binary_hsv,True,True,13508,27.91,114.57,9.82,4.73,22.0,8.88,888.4
burn_0010_rotation_90.jpg,binary_hsv,True,True,13377,27.64,110.35,4.73,9.82,22.0,8.8,879.81
burn_0010_brightness_increase.jpg,binary_hsv,True,True,36946,72.98,184.3,18.49,7.82,22.5,23.23,2323.03
burn_0010_brightness_decrease.jpg,binary_hsv,True,True,13213,28.58,97.52,10.05,4.47,21.5,9.1,909.73
burn_0150_horizontal_flip.jpg,binary_hsv,True,False,176866,577.52,376.34,29.26,29.26,17.5,183.83,18383.03
burn_0150_vertical_flip.jpg,binary_hsv,True,False,176900,577.63,350.34,29.26,29.26,17.5,183.87,18386.53
burn_0150_rotation_90.jpg,binary_hsv,True,False,176930,577.73,354.85,29.26,29.26,17.5,183.9,18389.72
burn_0150_brightness_increase.jpg,binary_hsv,True,False,189111,654.36,269.67,30.12,30.12,17.0,208.29,20828.93
burn_0150_brightness_decrease.jpg,binary_hsv,True,False,176299,688.67,383.99,32.0,32.0,16.0,219.21,21921.05
burn_0102_horizontal_flip.jpg,binary_hsv,True,True,69953,144.53,343.92,23.27,13.09,22.0,46.01,4600.53
burn_0102_vertical_flip.jpg,binary_hsv,True,True,69990,144.61,327.09,23.27,13.09,22.0,46.03,4603.08
burn_0102_rotation_90.jpg,binary_hsv,True,True,70139,144.92,388.1,13.09,23.27,22.0,46.13,4612.95
burn_0102_brightness_increase.jpg,binary_hsv,True,True,85040,167.98,268.45,22.76,12.8,22.5,53.47,5346.97
burn_0102_brightness_decrease.jpg,binary_hsv,True,True,70011,151.46,347.9,23.81,13.4,21.5,48.21,4821.12
burn_0027_brightness_increase.jpg,binary_hsv,True,False,247244,2472.44,305.15,51.2,51.2,10.0,787.0,78700.21
burn_0027_brightness_decrease.jpg,binary_hsv,True,True,246857,72.13,51.78,8.75,8.75,58.5,22.96,2295.97
burn_0144_rotation_90.jpg,binary_hsv,True,False,114166,543.0,246.89,28.69,35.31,14.5,172.84,17284.23
burn_0125_horizontal_flip.jpg,binary_hsv,True,False,64622,1148.84,617.97,66.8,39.47,7.5,365.69,36568.71
burn_0125_vertical_flip.jpg,binary_hsv,True,False,64703,1150.28,628.65,66.8,39.47,7.5,366.15,36614.55
burn_0125_rotation_90.jpg,binary_hsv,True,False,64467,1315.65,759.82,42.29,72.0,7.0,418.78,41878.44
burn_0125_brightness_increase.jpg,binary_hsv,True,True,65150,27.7,119.38,10.39,6.1,48.5,8.82,881.72
burn_0125_brightness_decrease.jpg,binary_hsv,True,False,64827,1152.48,688.98,66.93,39.47,7.5,366.85,36684.58
burn_0153_horizontal_flip.jpg,binary_hsv,True,False,174843,1214.19,287.41,42.67,30.0,12.0,386.49,38648.87
burn_0153_vertical_flip.jpg,binary_hsv,True,False,174816,1118.82,268.65,40.96,28.8,12.5,356.13,35613.15
burn_0153_rotation_90.jpg,binary_hsv,True,False,174850,1214.24,291.04,30.0,42.67,12.0,386.5,38650.46
burn_0153_brightness_increase.jpg,binary_hsv,True,False,182320,1823.2,522.02,51.2,51.2,10.0,580.34,58034.26
burn_0011_brightness_decrease.jpg,binary_hsv,True,True,182446,2525.2,809.46,60.24,60.24,8.5,803.8,80379.61
burn_0067_vertical_flip.jpg,binary_hsv,True,False,179209,2800.14,753.18,64.0,64.0,8.0,891.31,89131.22
burn_0067_brightness_increase.jpg,binary_hsv,True,False,180673,2500.66,757.66,60.24,60.24,8.5,795.98,79598.48
burn_0067_brightness_decrease.jpg,binary_hsv,True,False,181045,2235.12,619.75,56.89,56.89,9.0,711.46,71146.08
burn_0172_horizontal_flip.jpg,binary_hsv,True,True,206555,2065.55,248.47,51.2,51.2,10.0,657.48,65748.5
burn_0172_brightness_increase.jpg,binary_hsv,True,True,208283,1889.19,229.12,48.76,48.76,10.5,601.35,60134.79
burn_0172_brightness_decrease.jpg,binary_hsv,True,True,206212,56.34,41.27,8.46,8.46,60.5,17.93,1793.36
burn_0037_horizontal_flip.jpg,binary_hsv,True,True,144663,56.73,77.91,10.14,8.71,50.5,18.06,1805.77
burn_0037_vertical_flip.jpg,binary_hsv,True,True,144667,56.73,78.58,10.14,8.71,50.5,18.06,1805.77
burn_0037_rotation_90.jpg,binary_hsv,True,True,144656,56.72,78.62,8.71,10.14,50.5,18.05,1805.45
burn_0037_brightness_increase.jpg,binary_hsv,True,True,147145,57.7,77.2,10.14,8.71,50.5,18.37,1836.65
burn_0037_brightness_decrease.jpg,binary_hsv,True,True,144124,58.82,80.09,10.34,8.73,49.5,18.72,1872.3
burn_0044_horizontal_flip.jpg,binary_hsv,True,True,70999,146.69,203.02,21.09,9.82,22.0,46.69,4669.29
burn_0044_vertical_flip.jpg,binary_hsv,True,True,71035,146.77,173.34,21.09,9.45,22.0,46.72,4671.83
burn_0044_rotation_90.jpg,binary_hsv,True,True,71088,146.88,181.56,9.45,21.41,22.0,46.75,4675.34
burn_0044_brightness_increase.jpg,binary_hsv,True,True,82376,162.72,176.38,21.69,9.78,22.5,51.8,5179.54
burn_0044_brightness_decrease.jpg,binary_hsv,True,True,71513,154.71,219.52,21.95,10.05,21.5,49.25,4924.57
burn_0105_horizontal_flip.jpg,binary_hsv,True,False,144978,2006.62,753.68,60.24,58.82,8.5,638.73,63872.7
burn_0039_vertical_flip.jpg,binary_hsv,True,True,5310,2.08,15.64,1.58,2.06,50.5,0.66,66.21
burn_0039_rotation_90.jpg,binary_hsv,True,True,5299,2.08,13.87,2.06,1.58,50.5,0.66,66.21
burn_0039_brightness_increase.jpg,binary_hsv,True,True,117454,45.16,200.93,9.84,10.04,51.0,14.37,1437.49
burn_0039_brightness_decrease.jpg,binary_hsv,True,True,5335,2.09,15.36,1.58,2.06,50.5,0.67,66.53
burn_0112_horizontal_flip.jpg,binary_hsv,True,True,181303,994.8,620.25,37.93,37.93,13.5,316.65,31665.47
burn_0112_vertical_flip.jpg,binary_hsv,True,True,181409,995.39,622.28,37.93,37.93,13.5,316.84,31684.25
burn_0112_rotation_90.jpg,binary_hsv,True,True,181384,995.25,623.53,37.93,37.93,13.5,316.8,31679.79
burn_0112_brightness_increase.jpg,binary_hsv,True,True,189696,1040.86,558.21,37.93,37.93,13.5,331.32,33131.6
burn_0112_brightness_decrease.jpg,binary_hsv,True,True,181766,997.34,615.19,37.93,37.93,13.5,317.46,31746.32
burn_0070_horizontal_flip.jpg,binary_hsv,True,True,183172,123.58,121.61,11.64,13.09,38.5,39.34,3933.67
burn_0070_vertical_flip.jpg,binary_hsv,True,True,183206,123.6,125.24,11.64,13.09,38.5,39.34,3934.31
burn_0070_rotation_90.jpg,binary_hsv,True,True,183239,123.62,145.94,13.09,11.64,38.5,39.35,3934.95
burn_0070_brightness_increase.jpg,binary_hsv,True,True,185369,121.87,118.41,11.49,12.92,39.0,38.79,3879.24
burn_0070_brightness_decrease.jpg,binary_hsv,True,True,183859,124.04,118.77,11.64,13.09,38.5,39.48,3948.32
burn_0001_horizontal_flip.jpg,binary_hsv,True,True,27279,56.36,108.34,10.55,7.27,22.0,17.94,1793.99
burn_0001_vertical_flip.jpg,binary_hsv,True,True,27246,56.29,114.33,10.55,7.27,22.0,17.92,1791.77
burn_0001_rotation_90.jpg,binary_hsv,True,True,27258,56.32,118.19,7.27,10.55,22.0,17.93,1792.72
burn_0001_brightness_increase.jpg,binary_hsv,True,True,71545,141.32,254.48,22.76,12.44,22.5,44.98,4498.36
burn_0001_brightness_decrease.jpg,binary_hsv,True,True,27107,58.64,104.96,10.79,7.44,21.5,18.67,1866.57
burn_0068_horizontal_flip.jpg,binary_hsv,True,True,109802,51.89,132.03,11.13,8.87,46.0,16.52,1651.71
burn_0068_vertical_flip.jpg,binary_hsv,True,True,109778,51.88,134.79,11.13,8.87,46.0,16.51,1651.39
burn_0068_rotation_90.jpg,binary_hsv,True,True,109942,51.96,144.8,8.87,11.13,46.0,16.54,1653.94
burn_0068_brightness_increase.jpg,binary_hsv,True,True,110616,52.28,144.8,11.13,8.93,46.0,16.64,1664.12
burn_0068_brightness_decrease.jpg,binary_hsv,True,True,112367,54.28,145.04,11.25,8.97,45.5,17.28,1727.79
burn_0106_horizontal_flip.jpg,binary_hsv,True,True,50717,104.79,197.94,23.27,10.18,22.0,33.36,3335.57
burn_0106_vertical_flip.jpg,binary_hsv,True,True,50645,104.64,213.83,23.27,10.55,22.0,33.31,3330.79
burn_0106_rotation_90.jpg,binary_hsv,True,True,50602,104.55,205.39,10.55,23.27,22.0,33.28,3327.93
burn_0106_brightness_increase.jpg,binary_hsv,True,True,62313,123.09,166.16,22.76,11.38,22.5,39.18,3918.08
burn_0106_brightness_decrease.jpg,binary_hsv,True,True,50759,109.81,227.19,23.81,11.91,21.5,34.95,3495.36
burn_0099_horizontal_flip.jpg,binary_hsv,True,True,6460,13.35,87.97,7.59,4.73,22.0,4.25,424.94
burn_0099_vertical_flip.jpg,binary_hsv,True,True,6456,13.34,78.02,7.59,4.73,22.0,4.25,424.63
burn_0099_rotation_90.jpg,binary_hsv,True,True,6439,13.3,73.93,4.68,6.91,22.0,4.23,423.35
burn_0099_brightness_increase.jpg,binary_hsv,True,True,21740,42.94,95.93,10.67,6.04,22.5,13.67,1366.82
burn_0099_brightness_decrease.jpg,binary_hsv,True,True,6155,13.32,70.14,5.72,4.33,21.5,4.24,423.99
burn_0151_horizontal_flip.jpg,binary_hsv,True,True,19564,6.47,22.62,1.89,3.05,55.0,2.06,205.95
burn_0151_vertical_flip.jpg,binary_hsv,True,True,19583,6.47,22.44,1.89,3.05,55.0,2.06,205.95
burn_0151_rotation_90.jpg,binary_hsv,True,True,19452,6.43,25.03,3.05,1.89,55.0,2.05,204.67
burn_0151_brightness_increase.jpg,binary_hsv,True,True,19746,6.53,23.24,1.89,3.11,55.0,2.08,207.86
burn_0151_brightness_decrease.jpg,binary_hsv,True,True,20595,6.81,29.31,1.89,3.64,55.0,2.17,216.77
burn_0025_horizontal_flip.jpg,binary_hsv,True,True,201088,61.89,88.43,8.14,8.98,57.0,19.7,1970.02
burn_0025_vertical_flip.jpg,binary_hsv,True,True,201123,61.9,88.92,8.14,8.98,57.0,19.7,1970.34
burn_0025_rotation_90.jpg,binary_hsv,True,True,201081,61.89,88.7,8.98,8.14,57.0,19.7,1970.02
burn_0025_brightness_decrease.jpg,binary_hsv,True,True,200547,62.82,87.04,8.21,9.06,56.5,20.0,1999.62
burn_0075_horizontal_flip.jpg,binary_hsv,True,True,219938,93.5,67.63,9.57,10.56,48.5,29.76,2976.2
burn_0075_vertical_flip.jpg,binary_hsv,True,True,219945,93.5,68.95,9.57,10.56,48.5,29.76,2976.2
burn_0075_rotation_90.jpg,binary_hsv,True,True,219937,93.5,65.74,10.56,9.57,48.5,29.76,2976.2
burn_0075_brightness_increase.jpg,binary_hsv,True,True,223779,95.13,64.01,9.57,10.56,48.5,30.28,3028.08
burn_0075_brightness_decrease.jpg,binary_hsv,True,True,220025,95.5,69.05,9.67,10.67,48.0,30.4,3039.86
burn_0085_horizontal_flip.jpg,binary_hsv,True,True,84645,73.22,168.24,14.56,9.18,34.0,23.31,2330.66
burn_0085_vertical_flip.jpg,binary_hsv,True,True,84521,73.12,102.42,11.06,6.82,34.0,23.27,2327.48
burn_0085_rotation_90.jpg,binary_hsv,True,True,84457,73.06,171.62,9.18,14.44,34.0,23.26,2325.57
burn_0085_brightness_increase.jpg,binary_hsv,True,True,84572,71.05,163.03,14.38,9.04,34.5,22.62,2261.59
burn_0085_brightness_decrease.jpg,binary_hsv,True,True,82568,71.43,175.18,14.35,9.41,34.0,22.74,2273.69
burn_0009_horizontal_flip.jpg,binary_hsv,True,True,30671,63.37,154.65,13.09,10.91,22.0,20.17,2017.13
burn_0009_vertical_flip.jpg,binary_hsv,True,True,30771,63.58,145.27,12.82,10.91,22.0,20.24,2023.81
burn_0009_rotation_90.jpg,binary_hsv,True,True,30758,63.55,152.43,10.91,13.09,22.0,20.23,2022.86
burn_0009_brightness_increase.jpg,binary_hsv,True,True,53718,106.11,167.82,17.64,12.8,22.5,33.78,3377.59
burn_0009_brightness_decrease.jpg,binary_hsv,True,True,31006,67.08,168.15,13.4,11.16,21.5,21.35,2135.22
burn_0016_horizontal_flip.jpg,binary_hsv,True,False,159999,587.69,463.61,31.03,31.03,16.5,187.07,18706.75
burn_0016_vertical_flip.jpg,binary_hsv,True,False,159900,587.33,473.57,31.03,31.03,16.5,186.95,18695.29
burn_0016_rotation_90.jpg,binary_hsv,True,False,159861,1771.31,814.89,53.89,53.89,9.5,563.83,56382.55
burn_0016_brightness_increase.jpg,binary_hsv,True,False,159746,493.04,422.33,28.44,28.44,18.0,156.94,15693.95
burn_0016_brightness_decrease.jpg,binary_hsv,True,False,161369,1613.69,812.37,51.2,51.2,10.0,513.65,51365.35
burn_0178_horizontal_flip.jpg,binary_hsv,True,True,175447,68.8,125.63,9.5,9.66,50.5,21.9,2189.97
burn_0178_vertical_flip.jpg,binary_hsv,True,True,175531,68.83,131.86,9.5,9.66,50.5,21.91,2190.93
burn_0178_rotation_90.jpg,binary_hsv,True,True,175655,68.88,134.49,9.66,9.5,50.5,21.93,2192.52
burn_0178_brightness_increase.jpg,binary_hsv,True,True,181459,69.77,128.15,9.1,9.59,51.0,22.21,2220.85
burn_0178_brightness_decrease.jpg,binary_hsv,True,True,174587,68.46,142.65,9.5,9.66,50.5,21.79,2179.15
burn_0046_horizontal_flip.jpg,binary_hsv,True,True,188967,2332.93,656.96,49.78,56.89,9.0,742.59,74259.47
burn_0046_vertical_flip.jpg,binary_hsv,True,True,189023,77.14,119.39,9.05,10.34,49.5,24.55,2455.44
burn_0046_rotation_90.jpg,binary_hsv,True,True,189051,2333.96,660.03,56.89,49.78,9.0,742.92,74292.25
burn_0046_brightness_increase.jpg,binary_hsv,True,True,190800,77.87,133.74,9.05,10.34,49.5,24.79,2478.68
burn_0046_brightness_decrease.jpg,binary_hsv,True,True,189989,77.54,116.15,9.05,10.34,49.5,24.68,2468.17
burn_0041_horizontal_flip.jpg,binary_hsv,True,True,134616,52.79,93.1,9.35,8.55,50.5,16.8,1680.36
burn_0041_vertical_flip.jpg,binary_hsv,True,True,134591,52.78,95.79,9.35,8.55,50.5,16.8,1680.04
burn_0041_rotation_90.jpg,binary_hsv,True,True,134515,52.75,89.17,8.51,9.35,50.5,16.79,1679.08
burn_0041_brightness_increase.jpg,binary_hsv,True,True,135211,51.98,93.28,9.25,8.47,51.0,16.55,1654.57
burn_0041_brightness_decrease.jpg,binary_hsv,True,True,134632,52.79,96.94,9.35,8.55,50.5,16.8,1680.36
burn_0017_horizontal_flip.jpg,binary_hsv,True,True,231634,73.86,57.84,8.71,9.14,56.0,23.51,2351.04
burn_0017_vertical_flip.jpg,binary_hsv,True,True,231653,73.87,57.97,8.71,9.14,56.0,23.51,2351.36
burn_0017_rotation_90.jpg,binary_hsv,True,True,231615,73.86,53.86,9.14,8.71,56.0,23.51,2351.04
burn_0017_brightness_decrease.jpg,binary_hsv,True,True,231862,75.27,58.0,8.79,9.23,55.5,23.96,2395.92
burn_0121_brightness_decrease.jpg,binary_hsv,True,True,14724,203.79,141.03,11.29,13.18,8.5,64.87,6486.84
burn_0091_vertical_flip.jpg,binary_hsv,True,False,112813,1250.01,552.64,53.89,37.89,9.5,397.89,39789.05
burn_0091_brightness_increase.jpg,binary_hsv,True,False,139892,2486.97,743.89,68.27,56.53,7.5,791.63,79162.71
burn_0091_brightness_decrease.jpg,binary_hsv,True,True,112496,1557.04,601.15,60.24,42.35,8.5,495.62,49562.12
burn_0020_brightness_decrease.jpg,binary_hsv,True,False,100557,1241.44,741.2,48.89,46.22,9.0,395.16,39516.26
burn_0169_brightness_increase.jpg,binary_hsv,True,True,229866,4691.14,450.51,73.14,68.57,7.0,1493.24,149323.62
burn_0169_brightness_decrease.jpg,binary_hsv,True,True,211605,4318.47,534.42,73.14,68.57,7.0,1374.61,137461.17
burn_0110_horizontal_flip.jpg,binary_hsv,True,True,64584,20.59,97.89,9.14,8.57,56.0,6.55,655.4
burn_0110_vertical_flip.jpg,binary_hsv,True,True,64486,20.56,86.23,9.14,8.57,56.0,6.54,654.45
burn_0110_rotation_90.jpg,binary_hsv,True,True,64526,20.58,96.08,8.57,9.14,56.0,6.55,655.08
burn_0110_brightness_increase.jpg,binary_hsv,True,True,69480,22.16,86.75,9.14,8.57,56.0,7.05,705.37
burn_0110_brightness_decrease.jpg,binary_hsv,True,True,63887,20.74,85.69,9.23,8.65,55.5,6.6,660.17
burn_0054_brightness_decrease.jpg,binary_hsv,True,True,163474,64.1,65.95,10.14,8.55,50.5,20.4,2040.37
burn_0093_horizontal_flip.jpg,binary_hsv,True,True,53009,48.68,114.64,15.52,7.76,33.0,15.5,1549.53
burn_0093_vertical_flip.jpg,binary_hsv,True,True,53019,48.69,113.6,15.52,7.76,33.0,15.5,1549.85
burn_0093_rotation_90.jpg,binary_hsv,True,True,53105,48.76,111.7,7.76,15.52,33.0,15.52,1552.08
burn_0093_brightness_increase.jpg,binary_hsv,True,True,59087,51.11,106.32,15.06,7.53,34.0,16.27,1626.88
burn_0093_brightness_decrease.jpg,binary_hsv,True,True,53009,48.68,109.87,15.52,7.76,33.0,15.5,1549.53
burn_0045_horizontal_flip.jpg,binary_hsv,True,True,132179,53.95,68.66,10.02,6.95,49.5,17.17,1717.28
burn_0045_vertical_flip.jpg,binary_hsv,True,True,132148,53.93,69.05,10.02,6.95,49.5,17.17,1716.65
burn_0045_rotation_90.jpg,binary_hsv,True,True,132134,53.93,69.4,6.95,10.02,49.5,17.17,1716.65
burn_0045_brightness_increase.jpg,binary_hsv,True,False,132382,1832.28,412.94,58.35,40.47,8.5,583.23,58323.28
burn_0047_brightness_increase.jpg,binary_hsv,True,True,116255,44.7,139.72,10.04,9.41,51.0,14.23,1422.85
burn_0047_brightness_decrease.jpg,binary_hsv,True,True,105951,41.55,119.52,10.14,8.24,50.5,13.23,1322.58
burn_0073_horizontal_flip.jpg,binary_hsv,True,True,38474,16.02,67.49,2.45,5.55,49.0,5.1,509.93
burn_0073_vertical_flip.jpg,binary_hsv,True,True,38565,16.06,64.44,2.45,5.69,49.0,5.11,511.21
burn_0073_rotation_90.jpg,binary_hsv,True,True,38334,15.97,51.97,5.71,2.45,49.0,5.08,508.34
burn_0073_brightness_increase.jpg,binary_hsv,True,True,48111,19.64,126.95,4.53,10.02,49.5,6.25,625.16
burn_0073_brightness_decrease.jpg,binary_hsv,True,True,42259,17.6,52.69,2.63,5.55,49.0,5.6,560.23
burn_0084_horizontal_flip.jpg,binary_hsv,True,True,48760,100.74,194.43,23.27,11.27,22.0,32.07,3206.65
burn_0084_vertical_flip.jpg,binary_hsv,True,True,48841,100.91,169.55,21.82,11.27,22.0,32.12,3212.07
burn_0084_rotation_90.jpg,binary_hsv,True,True,48891,101.01,198.32,11.27,21.82,22.0,32.15,3215.25
burn_0084_brightness_increase.jpg,binary_hsv,True,True,59709,117.94,196.52,22.76,12.44,22.5,37.54,3754.15
burn_0084_brightness_decrease.jpg,binary_hsv,True,True,48799,105.57,171.5,22.33,11.53,21.5,33.6,3360.4
burn_0103_horizontal_flip.jpg,binary_hsv,True,True,156416,44.93,53.61,8.68,6.78,59.0,14.3,1430.17
burn_0103_vertical_flip.jpg,binary_hsv,True,True,156428,44.94,54.04,8.68,6.78,59.0,14.3,1430.48
burn_0103_rotation_90.jpg,binary_hsv,True,True,156437,44.94,54.71,6.78,8.68,59.0,14.3,1430.48
burn_0103_brightness_increase.jpg,binary_hsv,True,False,158161,43.93,49.45,8.53,6.67,60.0,13.98,1398.34
burn_0103_brightness_decrease.jpg,binary_hsv,True,True,156616,46.56,53.84,8.83,6.9,58.0,14.82,1482.05
burn_0114_horizontal_flip.jpg,binary_hsv,True,True,149409,60.98,228.29,10.34,10.02,49.5,19.41,1941.05
burn_0114_vertical_flip.jpg,binary_hsv,True,True,149405,60.98,209.57,10.34,10.02,49.5,19.41,1941.05
burn_0114_rotation_90.jpg,binary_hsv,True,True,149445,60.99,258.63,10.02,10.34,49.5,19.41,1941.37
burn_0114_brightness_increase.jpg,binary_hsv,True,True,259673,105.98,43.74,10.34,10.34,49.5,33.73,3373.45
burn_0114_brightness_decrease.jpg,binary_hsv,True,True,148431,61.82,257.96,10.45,10.12,49.0,19.68,1967.79
burn_0077_horizontal_flip.jpg,binary_hsv,True,True,28954,59.82,137.24,13.64,4.36,22.0,19.04,1904.13
burn_0077_vertical_flip.jpg,binary_hsv,True,True,29022,59.96,138.52,14.73,4.36,22.0,19.09,1908.59
burn_0077_rotation_90.jpg,binary_hsv,True,True,28939,59.79,148.63,4.36,13.82,22.0,19.03,1903.17
burn_0077_brightness_increase.jpg,binary_hsv,True,True,78745,155.55,282.9,22.76,15.07,22.5,49.51,4951.31
burn_0077_brightness_decrease.jpg,binary_hsv,True,True,30040,64.99,140.17,13.95,4.47,21.5,20.69,2068.7
burn_0168_horizontal_flip.jpg,binary_hsv,True,True,114785,948.64,334.43,46.55,39.27,11.0,301.96,30196.15
burn_0021_horizontal_flip.jpg,binary_hsv,True,True,28931,59.77,134.69,14.77,8.73,22.0,19.03,1902.54
burn_0021_vertical_flip.jpg,binary_hsv,True,True,28948,59.81,157.63,15.91,8.73,22.0,19.04,1903.81
burn_0021_rotation_90.jpg,binary_hsv,True,True,28933,59.78,150.15,8.73,16.27,22.0,19.03,1902.86
burn_0021_brightness_increase.jpg,binary_hsv,True,True,64329,127.07,239.5,22.76,13.51,22.5,40.45,4044.76
burn_0021_brightness_decrease.jpg,binary_hsv,True,True,28460,61.57,135.42,14.6,8.93,21.5,19.6,1959.83
burn_0147_horizontal_flip.jpg,binary_hsv,True,True,81058,31.78,162.63,10.14,9.03,50.5,10.12,1011.59
burn_0147_vertical_flip.jpg,binary_hsv,True,True,80953,31.74,167.43,10.14,9.03,50.5,10.1,1010.32
burn_0147_rotation_90.jpg,binary_hsv,True,True,81229,31.85,110.93,4.75,10.14,50.5,10.14,1013.82
burn_0147_brightness_increase.jpg,binary_hsv,True,True,104842,40.31,146.44,10.04,8.94,51.0,12.83,1283.11
burn_0147_brightness_decrease.jpg,binary_hsv,True,True,80218,31.45,122.18,10.14,4.75,50.5,10.01,1001.08
burn_0185_horizontal_flip.jpg,binary_hsv,True,True,54385,60.43,123.81,17.07,8.0,30.0,19.24,1923.55
burn_0185_vertical_flip.jpg,binary_hsv,True,True,54396,60.44,117.88,17.07,8.0,30.0,19.24,1923.86
burn_0185_rotation_90.jpg,binary_hsv,True,True,54405,60.45,121.83,8.0,17.07,30.0,19.24,1924.18
burn_0185_brightness_increase.jpg,binary_hsv,True,True,60473,67.19,110.43,17.07,8.27,30.0,21.39,2138.72
burn_0185_brightness_decrease.jpg,binary_hsv,True,True,54009,62.06,121.51,17.36,8.14,29.5,19.75,1975.43
burn_0018_horizontal_flip.jpg,binary_hsv,True,True,164443,730.86,239.84,28.27,34.13,15.0,232.64,23264.0
burn_0018_vertical_flip.jpg,binary_hsv,True,True,164478,731.01,237.81,28.27,34.13,15.0,232.69,23268.77
burn_0018_rotation_90.jpg,binary_hsv,True,True,164536,731.27,245.29,34.13,28.27,15.0,232.77,23277.05
burn_0018_brightness_increase.jpg,binary_hsv,True,True,165169,734.08,248.0,28.27,34.13,15.0,233.66,23366.49
burn_0018_brightness_decrease.jpg,binary_hsv,True,True,164366,781.76,249.77,29.24,35.31,14.5,248.84,24884.19
burn_0123_horizontal_flip.jpg,binary_hsv,True,True,182014,71.37,62.68,10.14,8.04,50.5,22.72,2271.78
burn_0123_vertical_flip.jpg,binary_hsv,True,True,182098,71.4,62.1,10.14,8.04,50.5,22.73,2272.73
burn_0123_rotation_90.jpg,binary_hsv,True,True,182019,71.37,61.93,8.08,10.14,50.5,22.72,2271.78
burn_0123_brightness_increase.jpg,binary_hsv,True,True,181935,69.95,59.98,10.04,8.0,51.0,22.27,2226.58
burn_0123_brightness_decrease.jpg,binary_hsv,True,True,182128,71.42,63.46,10.14,8.08,50.5,22.73,2273.37
burn_0076_horizontal_flip.jpg,binary_hsv,True,True,105555,41.39,88.95,9.98,8.4,50.5,13.17,1317.48
burn_0076_vertical_flip.jpg,binary_hsv,True,True,105539,41.38,87.93,9.98,8.4,50.5,13.17,1317.17
burn_0076_rotation_90.jpg,binary_hsv,True,True,105492,41.37,84.16,8.4,9.98,50.5,13.17,1316.85
burn_0076_brightness_increase.jpg,binary_hsv,True,True,107038,41.15,93.58,9.88,8.31,51.0,13.1,1309.85
burn_0076_brightness_decrease.jpg,binary_hsv,True,True,105585,41.4,90.74,9.98,8.4,50.5,13.18,1317.8
burn_0063_brightness_increase.jpg,binary_hsv,True,True,72811,30.33,54.06,3.59,9.47,49.0,9.65,965.43
burn_0050_horizontal_flip.jpg,binary_hsv,True,True,44487,549.22,713.23,39.22,53.33,9.0,174.82,17482.22
burn_0050_vertical_flip.jpg,binary_hsv,True,True,44541,616.48,758.61,42.47,56.47,8.5,196.23,19623.17
burn_0050_rotation_90.jpg,binary_hsv,True,True,44300,546.91,652.32,53.33,39.11,9.0,174.09,17408.69
burn_0050_brightness_increase.jpg,binary_hsv,True,True,44887,621.27,722.09,41.41,56.47,8.5,197.76,19775.64
burn_0050_brightness_decrease.jpg,binary_hsv,True,True,47698,660.18,688.46,43.29,56.47,8.5,210.14,21014.18
burn_0175_horizontal_flip.jpg,binary_hsv,True,True,8968,3.66,13.14,2.1,1.45,49.5,1.17,116.5
burn_0175_vertical_flip.jpg,binary_hsv,True,True,8968,3.66,12.98,2.1,1.45,49.5,1.17,116.5
burn_0175_rotation_90.jpg,binary_hsv,True,True,8957,3.66,14.74,1.45,2.1,49.5,1.17,116.5
burn_0175_brightness_increase.jpg,binary_hsv,True,True,12399,4.96,20.64,2.24,2.56,50.0,1.58,157.88
burn_0175_brightness_decrease.jpg,binary_hsv,True,True,8686,3.54,13.49,2.1,1.45,49.5,1.13,112.68
burn_0101_horizontal_flip.jpg,binary_hsv,True,True,158447,62.13,97.53,9.19,9.03,50.5,19.78,1977.66
burn_0101_vertical_flip.jpg,binary_hsv,True,True,158282,62.07,93.66,9.19,9.03,50.5,19.76,1975.75
burn_0101_rotation_90.jpg,binary_hsv,True,True,158448,62.13,104.14,9.03,9.19,50.5,19.78,1977.66
burn_0101_brightness_increase.jpg,binary_hsv,True,False,160073,2845.74,657.34,61.87,60.8,7.5,905.83,90582.72
burn_0101_brightness_decrease.jpg,binary_hsv,True,True,158178,62.02,106.23,9.19,9.03,50.5,19.74,1974.16
burn_0004_horizontal_flip.jpg,binary_hsv,True,False,115554,1805.53,749.38,64.0,64.0,8.0,574.72,57471.8
burn_0004_vertical_flip.jpg,binary_hsv,True,False,115512,2053.55,785.5,68.27,68.27,7.5,653.67,65366.53
burn_0004_rotation_90.jpg,binary_hsv,True,False,115613,2055.34,797.58,68.27,68.27,7.5,654.24,65423.5
burn_0004_brightness_increase.jpg,binary_hsv,True,False,116695,2074.58,825.47,68.27,68.27,7.5,660.36,66035.93
burn_0066_horizontal_flip.jpg,binary_hsv,True,True,25583,52.86,159.16,20.5,9.82,22.0,16.83,1682.59
burn_0066_vertical_flip.jpg,binary_hsv,True,True,25461,52.61,175.67,20.5,9.82,22.0,16.75,1674.63
burn_0066_rotation_90.jpg,binary_hsv,True,True,25538,52.76,290.97,9.82,22.59,22.0,16.79,1679.4
burn_0066_brightness_increase.jpg,binary_hsv,True,True,51168,101.07,237.92,22.76,14.93,22.5,32.17,3217.16
burn_0066_brightness_decrease.jpg,binary_hsv,True,True,25309,54.75,149.91,21.02,10.05,21.5,17.43,1742.75
burn_0182_horizontal_flip.jpg,binary_hsv,True,True,43160,89.17,295.3,23.27,9.82,22.0,28.38,2838.37
burn_0182_vertical_flip.jpg,binary_hsv,True,True,43055,88.96,282.45,23.27,9.82,22.0,28.32,2831.68
burn_0182_rotation_90.jpg,binary_hsv,True,True,43220,89.3,280.42,9.82,23.27,22.0,28.43,2842.51
burn_0182_brightness_increase.jpg,binary_hsv,True,True,65546,129.47,235.93,22.76,10.31,22.5,41.21,4121.16
burn_0182_brightness_decrease.jpg,binary_hsv,True,True,42591,92.14,315.63,23.81,10.05,21.5,29.33,2932.91
burn_0036_brightness_decrease.jpg,binary_hsv,True,True,181836,71.3,108.58,10.14,10.14,50.5,22.7,2269.55
burn_0048_horizontal_flip.jpg,binary_hsv,True,True,109522,42.95,96.82,9.19,10.14,50.5,13.67,1367.14
burn_0048_vertical_flip.jpg,binary_hsv,True,True,109492,42.93,99.28,9.19,10.14,50.5,13.67,1366.5
burn_0048_rotation_90.jpg,binary_hsv,True,True,109624,42.99,97.49,10.14,9.19,50.5,13.68,1368.41
burn_0048_brightness_increase.jpg,binary_hsv,True,True,122568,47.12,101.56,9.1,10.04,51.0,15.0,1499.88
burn_0048_brightness_decrease.jpg,binary_hsv,True,True,109626,42.99,104.99,9.19,10.14,50.5,13.68,1368.41
burn_0003_horizontal_flip.jpg,binary_hsv,True,True,153049,597.85,662.2,32.0,31.0,16.0,190.3,19030.16
burn_0003_vertical_flip.jpg,binary_hsv,True,True,153136,598.19,621.78,32.0,31.0,16.0,190.41,19040.98
burn_0003_rotation_90.jpg,binary_hsv,True,True,153252,598.64,644.9,31.5,32.0,16.0,190.55,19055.3
burn_0003_brightness_increase.jpg,binary_hsv,True,False,155755,854.62,819.11,37.93,37.33,13.5,272.03,27203.4
burn_0003_brightness_decrease.jpg,binary_hsv,True,False,150586,2352.91,1311.76,64.0,62.88,8.0,748.95,74895.45
burn_0148_horizontal_flip.jpg,binary_hsv,True,False,126102,1042.17,360.58,36.36,46.55,11.0,331.73,33173.3
burn_0148_vertical_flip.jpg,binary_hsv,True,False,126118,1042.3,345.53,36.36,46.55,11.0,331.77,33177.44
burn_0148_rotation_90.jpg,binary_hsv,True,False,126167,1042.7,354.24,46.55,36.36,11.0,331.9,33190.17
burn_0148_brightness_increase.jpg,binary_hsv,True,False,126627,1046.5,383.02,36.36,46.55,11.0,333.11,33311.13
burn_0148_brightness_decrease.jpg,binary_hsv,True,True,128211,53.4,64.13,8.16,10.45,49.0,17.0,1699.77
burn_0049_horizontal_flip.jpg,binary_hsv,True,False,151529,1052.28,491.76,42.67,41.33,12.0,334.95,33495.11
burn_0049_vertical_flip.jpg,binary_hsv,True,False,151438,1051.65,407.58,42.67,41.33,12.0,334.75,33475.06
burn_0049_rotation_90.jpg,binary_hsv,True,False,151408,1144.86,519.71,43.13,44.52,11.5,364.42,36442.03
burn_0049_brightness_increase.jpg,binary_hsv,True,False,159062,1018.0,531.27,40.96,39.68,12.5,324.04,32403.95
burn_0049_brightness_decrease.jpg,binary_hsv,True,False,152377,1152.19,455.05,44.52,43.13,11.5,366.75,36675.35
burn_0127_horizontal_flip.jpg,binary_hsv,True,True,40578,15.91,90.81,4.91,6.02,50.5,5.06,506.43
burn_0127_vertical_flip.jpg,binary_hsv,True,True,40416,15.85,100.31,4.91,6.02,50.5,5.05,504.52
burn_0127_rotation_90.jpg,binary_hsv,True,True,40700,15.96,77.48,5.7,4.91,50.5,5.08,508.02
burn_0127_brightness_increase.jpg,binary_hsv,True,True,41928,16.12,96.56,4.86,5.96,51.0,5.13,513.12
burn_0127_brightness_decrease.jpg,binary_hsv,True,True,42684,16.74,90.12,4.91,6.18,50.5,5.33,532.85
burn_0158_brightness_increase.jpg,binary_hsv,True,False,159215,3249.29,577.2,65.14,73.14,7.0,1034.28,103428.11
burn_0158_brightness_decrease.jpg,binary_hsv,True,True,156115,62.45,81.09,9.12,10.24,50.0,19.88,1987.85
burn_0039_horizontal_flip.jpg,binary_hsv,True,True,5313,2.08,15.83,1.58,2.06,50.5,0.66,66.21
burn_0034_horizontal_flip.jpg,binary_hsv,True,True,40442,14.67,82.31,3.2,5.18,52.5,4.67,466.96
burn_0034_vertical_flip.jpg,binary_hsv,True,True,40567,14.72,79.58,3.2,5.16,52.5,4.69,468.55
burn_0034_rotation_90.jpg,binary_hsv,True,True,40419,14.66,66.29,5.18,3.2,52.5,4.67,466.64
burn_0034_brightness_increase.jpg,binary_hsv,True,True,51161,18.56,158.29,3.9,9.3,52.5,5.91,590.78
burn_0034_brightness_decrease.jpg,binary_hsv,True,True,41703,15.13,132.5,3.81,7.62,52.5,4.82,481.6
burn_0083_horizontal_flip.jpg,binary_hsv,True,True,35242,72.81,197.07,19.41,9.09,22.0,23.18,2317.61
burn_0083_vertical_flip.jpg,binary_hsv,True,True,35310,72.95,207.22,18.95,9.09,22.0,23.22,2322.07
burn_0083_rotation_90.jpg,binary_hsv,True,True,35231,72.79,148.05,9.09,14.59,22.0,23.17,2316.98
burn_0083_brightness_increase.jpg,binary_hsv,True,True,64785,127.97,263.44,22.4,13.87,22.5,40.73,4073.41
burn_0083_brightness_decrease.jpg,binary_hsv,True,True,34740,75.15,226.12,19.26,9.3,21.5,23.92,2392.1
burn_0098_horizontal_flip.jpg,binary_hsv,True,True,1540,3.18,10.77,2.09,2.0,22.0,1.01,101.22
burn_0098_vertical_flip.jpg,binary_hsv,True,True,1540,3.18,10.77,2.09,2.0,22.0,1.01,101.22
burn_0098_rotation_90.jpg,binary_hsv,True,True,1544,3.19,10.54,2.09,2.0,22.0,1.02,101.54
burn_0098_brightness_increase.jpg,binary_hsv,True,True,1514,2.99,10.53,2.18,1.96,22.5,0.95,95.17
burn_0098_brightness_decrease.jpg,binary_hsv,True,True,1540,3.33,11.02,2.14,2.05,21.5,1.06,106.0
burn_0087_brightness_increase.jpg,binary_hsv,True,True,74525,31.68,105.57,9.4,6.93,48.5,10.08,1008.41
burn_0019_horizontal_flip.jpg,binary_hsv,True,True,177584,69.63,84.87,10.14,10.14,50.5,22.16,2216.39
burn_0019_vertical_flip.jpg,binary_hsv,True,True,177587,69.64,85.9,10.14,10.14,50.5,22.17,2216.71
burn_0019_rotation_90.jpg,binary_hsv,True,True,177505,69.6,87.59,10.14,10.14,50.5,22.15,2215.44
burn_0019_brightness_decrease.jpg,binary_hsv,True,True,178044,69.81,87.91,10.14,10.14,50.5,22.22,2222.12
burn_0128_brightness_decrease.jpg,binary_hsv,True,True,63945,885.05,920.31,58.35,33.88,8.5,281.72,28172.02
burn_0078_horizontal_flip.jpg,binary_hsv,True,False,110526,1002.5,352.05,48.76,35.05,10.5,319.11,31910.57
burn_0078_vertical_flip.jpg,binary_hsv,True,False,110539,1105.39,374.81,51.2,36.8,10.0,351.86,35185.66
burn_0078_rotation_90.jpg,binary_hsv,True,False,110488,1002.16,363.01,35.05,48.76,10.5,319.0,31899.74
burn_0078_brightness_increase.jpg,binary_hsv,True,False,120596,1669.15,446.46,60.24,43.29,8.5,531.31,53130.69
burn_0078_brightness_decrease.jpg,binary_hsv,True,True,111178,1538.8,467.92,60.24,43.29,8.5,489.82,48981.53
burn_0081_horizontal_flip.jpg,binary_hsv,True,True,136334,56.78,150.27,9.8,9.47,49.0,18.07,1807.36
burn_0081_vertical_flip.jpg,binary_hsv,True,True,136285,56.76,148.18,9.8,9.47,49.0,18.07,1806.73
burn_0081_rotation_90.jpg,binary_hsv,True,True,136362,56.79,139.97,9.47,9.63,49.0,18.08,1807.68
burn_0081_brightness_increase.jpg,binary_hsv,True,True,160105,65.34,106.44,10.22,9.7,49.5,20.8,2079.84
burn_0081_brightness_decrease.jpg,binary_hsv,True,True,137154,57.12,155.58,9.8,9.47,49.0,18.18,1818.19
burn_0056_horizontal_flip.jpg,binary_hsv,True,True,191639,56.0,95.5,8.75,7.93,58.5,17.83,1782.54
burn_0056_vertical_flip.jpg,binary_hsv,True,True,191635,56.97,93.48,8.83,8.0,58.0,18.13,1813.41
burn_0056_rotation_90.jpg,binary_hsv,True,True,191644,56.0,93.79,7.93,8.75,58.5,17.83,1782.54
burn_0056_brightness_increase.jpg,binary_hsv,True,True,220414,65.52,66.36,8.83,8.55,58.0,20.86,2085.57
burn_0056_brightness_decrease.jpg,binary_hsv,True,True,195026,57.97,106.46,8.83,8.0,58.0,18.45,1845.24
burn_0173_horizontal_flip.jpg,binary_hsv,True,True,221924,273.22,77.13,17.96,17.96,28.5,86.97,8696.86
burn_0173_vertical_flip.jpg,binary_hsv,True,True,222075,273.41,76.48,17.96,17.96,28.5,87.03,8702.91
burn_0173_rotation_90.jpg,binary_hsv,True,True,222139,273.49,79.19,17.96,17.96,28.5,87.05,8705.46
burn_0173_brightness_increase.jpg,binary_hsv,True,True,222623,274.08,74.81,17.96,17.96,28.5,87.24,8724.24
burn_0173_brightness_decrease.jpg,binary_hsv,True,True,221643,272.88,79.25,17.96,17.96,28.5,86.86,8686.04
burn_0029_horizontal_flip.jpg,binary_hsv,True,True,173870,457.25,311.66,26.26,26.26,19.5,145.55,14554.72
burn_0029_vertical_flip.jpg,binary_hsv,True,True,173877,457.27,325.05,26.26,26.26,19.5,145.55,14555.36
burn_0029_rotation_90.jpg,binary_hsv,True,True,173895,457.32,318.95,26.26,26.26,19.5,145.57,14556.95
burn_0109_horizontal_flip.jpg,binary_hsv,True,True,153636,48.99,201.62,9.14,8.86,56.0,15.59,1559.4
burn_0109_vertical_flip.jpg,binary_hsv,True,True,153608,48.98,212.34,9.14,8.86,56.0,15.59,1559.08
burn_0109_rotation_90.jpg,binary_hsv,True,True,153650,49.0,249.17,8.86,9.14,56.0,15.6,1559.72
burn_0109_brightness_increase.jpg,binary_hsv,True,True,246102,77.09,43.64,9.06,8.78,56.5,24.54,2453.85
burn_0109_brightness_decrease.jpg,binary_hsv,True,True,150091,48.73,285.46,9.19,8.94,55.5,15.51,1551.12
burn_0057_horizontal_flip.jpg,binary_hsv,True,True,185295,72.66,74.06,10.14,9.19,50.5,23.13,2312.84
burn_0057_vertical_flip.jpg,binary_hsv,True,True,185290,72.66,73.47,10.14,9.19,50.5,23.13,2312.84
burn_0057_rotation_90.jpg,binary_hsv,True,True,185236,72.63,73.03,9.19,10.14,50.5,23.12,2311.88
burn_0057_brightness_increase.jpg,binary_hsv,True,True,185546,71.34,71.89,10.04,9.1,51.0,22.71,2270.82
burn_0057_brightness_decrease.jpg,binary_hsv,True,True,185208,72.62,72.09,10.14,9.19,50.5,23.12,2311.57
burn_0047_horizontal_flip.jpg,binary_hsv,True,True,107343,41.27,132.79,10.04,8.78,51.0,13.14,1313.66
burn_0047_vertical_flip.jpg,binary_hsv,True,True,107302,41.25,130.34,10.04,8.78,51.0,13.13,1313.03
burn_0047_rotation_90.jpg,binary_hsv,True,True,107029,41.15,105.83,8.31,10.04,51.0,13.1,1309.85
